"","part_id","contact","part_age","cutoff_contact","cutoff_contact_100"
"1","uk_G1_700006",3,"40-49",3,3
"2","uk_G1_700012",1,"30-39",1,1
"3","uk_G1_700013",2,"50-59",2,2
"4","uk_G1_700017",3,"60-69",3,3
"5","uk_G1_700019",1,"50-59",1,1
"6","uk_G1_700021",1,"30-39",1,1
"7","uk_G1_700024",2,"60-69",2,2
"8","uk_G1_700027",2,"30-39",2,2
"9","uk_G1_700028",1,"50-59",1,1
"10","uk_G1_700029",1,"30-39",1,1
"11","uk_G1_700031",3,"50-59",3,3
"12","uk_G1_700032",1,"60-69",1,1
"13","uk_G1_700033",1,"50-59",1,1
"14","uk_G1_700034",1,"30-39",1,1
"15","uk_G1_700035",4,"60-69",4,4
"16","uk_G1_700037",4,"30-39",4,4
"17","uk_G1_700040",2,"18-29",2,2
"18","uk_G1_700043",2,"60-69",2,2
"19","uk_G1_700045",3,"30-39",3,3
"20","uk_G1_700049",1,"60-69",1,1
"21","uk_G1_700051",3,"60-69",3,3
"22","uk_G1_700053",1,"40-49",1,1
"23","uk_G1_700056",2,"60-69",2,2
"24","uk_G1_700057",4,"40-49",4,4
"25","uk_G1_700059",6,"30-39",6,6
"26","uk_G1_700060",7,"18-29",7,7
"27","uk_G1_700061",2,"60-69",2,2
"28","uk_G1_700065",2,"40-49",2,2
"29","uk_G1_700067",2,"60-69",2,2
"30","uk_G1_700069",2,"40-49",2,2
"31","uk_G1_700073",1,"50-59",1,1
"32","uk_G1_700074",1,"40-49",1,1
"33","uk_G1_700075",5,"50-59",5,5
"34","uk_G1_700077",3,"70-120",3,3
"35","uk_G1_700078",3,"40-49",3,3
"36","uk_G1_700079",3,"60-69",3,3
"37","uk_G1_700080",6,"40-49",6,6
"38","uk_G1_700081",5,"18-29",5,5
"39","uk_G1_700083",2,"30-39",2,2
"40","uk_G1_700084",3,"50-59",3,3
"41","uk_G1_700085",3,"50-59",3,3
"42","uk_G1_700086",6,"50-59",6,6
"43","uk_G1_700087",6,"60-69",6,6
"44","uk_G1_700089",3,"50-59",3,3
"45","uk_G1_700093",8,"50-59",8,8
"46","uk_G1_700095",5,"18-29",5,5
"47","uk_G1_700096",4,"60-69",4,4
"48","uk_G1_700098",7,"40-49",7,7
"49","uk_G1_700099",1,"30-39",1,1
"50","uk_G1_700100",3,"60-69",3,3
"51","uk_G1_700102",5,"50-59",5,5
"52","uk_G1_700103",312,"50-59",20,100
"53","uk_G1_700104",2,"40-49",2,2
"54","uk_G1_700105",3,"30-39",3,3
"55","uk_G1_700108",2,"60-69",2,2
"56","uk_G1_700110",1,"40-49",1,1
"57","uk_G1_700111",2,"50-59",2,2
"58","uk_G1_700112",1,"50-59",1,1
"59","uk_G1_700113",7,"50-59",7,7
"60","uk_G1_700114",1,"60-69",1,1
"61","uk_G1_700115",4,"40-49",4,4
"62","uk_G1_700116",6,"30-39",6,6
"63","uk_G1_700118",2,"30-39",2,2
"64","uk_G1_700120",3,"30-39",3,3
"65","uk_G1_700121",33,"60-69",20,33
"66","uk_G1_700122",2,"50-59",2,2
"67","uk_G1_700123",4,"60-69",4,4
"68","uk_G1_700124",3,"18-29",3,3
"69","uk_G1_700125",2,"50-59",2,2
"70","uk_G1_700126",4,"30-39",4,4
"71","uk_G1_700127",8,"30-39",8,8
"72","uk_G1_700128",4,"50-59",4,4
"73","uk_G1_700130",4,"18-29",4,4
"74","uk_G1_700131",4,"30-39",4,4
"75","uk_G1_700132",13,"50-59",13,13
"76","uk_G1_700135",4,"70-120",4,4
"77","uk_G1_700137",1,"60-69",1,1
"78","uk_G1_700140",2,"30-39",2,2
"79","uk_G1_700149",3,"50-59",3,3
"80","uk_G1_700150",2,"50-59",2,2
"81","uk_G1_700151",3,"70-120",3,3
"82","uk_G1_700152",1,"18-29",1,1
"83","uk_G1_700153",6,"50-59",6,6
"84","uk_G1_700154",1,"50-59",1,1
"85","uk_G1_700155",1,"60-69",1,1
"86","uk_G1_700156",2,"40-49",2,2
"87","uk_G1_700157",4,"50-59",4,4
"88","uk_G1_700158",5,"30-39",5,5
"89","uk_G1_700159",7,"40-49",7,7
"90","uk_G1_700160",5,"40-49",5,5
"91","uk_G1_700161",1,"50-59",1,1
"92","uk_G1_700163",1,"40-49",1,1
"93","uk_G1_700164",6,"50-59",6,6
"94","uk_G1_700165",425,"50-59",20,100
"95","uk_G1_700168",1,"60-69",1,1
"96","uk_G1_700169",4,"60-69",4,4
"97","uk_G1_700170",7,"50-59",7,7
"98","uk_G1_700172",1,"40-49",1,1
"99","uk_G1_700174",4,"50-59",4,4
"100","uk_G1_700175",17,"60-69",17,17
"101","uk_G1_700176",7,"60-69",7,7
"102","uk_G1_700177",3,"18-29",3,3
"103","uk_G1_700178",2,"50-59",2,2
"104","uk_G1_700179",8,"60-69",8,8
"105","uk_G1_700181",1,"40-49",1,1
"106","uk_G1_700183",1,"30-39",1,1
"107","uk_G1_700184",1,"40-49",1,1
"108","uk_G1_700185",1,"60-69",1,1
"109","uk_G1_700186",3,"30-39",3,3
"110","uk_G1_700187",5,"60-69",5,5
"111","uk_G1_700188",1,"30-39",1,1
"112","uk_G1_700190",2,"18-29",2,2
"113","uk_G1_700191",5,"40-49",5,5
"114","uk_G1_700194",1,"60-69",1,1
"115","uk_G1_700195",3,"60-69",3,3
"116","uk_G1_700196",25,"60-69",20,25
"117","uk_G1_700198",2,"50-59",2,2
"118","uk_G1_700199",6,"50-59",6,6
"119","uk_G1_700200",25,"18-29",20,25
"120","uk_G1_700203",5,"70-120",5,5
"121","uk_G1_700204",5,"50-59",5,5
"122","uk_G1_700207",6,"40-49",6,6
"123","uk_G1_700208",2,"30-39",2,2
"124","uk_G1_700209",1,"70-120",1,1
"125","uk_G1_700210",1,"70-120",1,1
"126","uk_G1_700211",125,"50-59",20,100
"127","uk_G1_700212",9,"30-39",9,9
"128","uk_G1_700214",15,"70-120",15,15
"129","uk_G1_700215",8,"30-39",8,8
"130","uk_G1_700216",1,"50-59",1,1
"131","uk_G1_700220",5,"50-59",5,5
"132","uk_G1_700221",26,"60-69",20,26
"133","uk_G1_700222",4,"70-120",4,4
"134","uk_G1_700223",2,"30-39",2,2
"135","uk_G1_700225",3,"60-69",3,3
"136","uk_G1_700226",19,"60-69",19,19
"137","uk_G1_700227",3,"70-120",3,3
"138","uk_G1_700228",1,"40-49",1,1
"139","uk_G1_700229",2,"60-69",2,2
"140","uk_G1_700230",2,"60-69",2,2
"141","uk_G1_700232",5,"50-59",5,5
"142","uk_G1_700233",5,"40-49",5,5
"143","uk_G1_700234",16,"40-49",16,16
"144","uk_G1_700235",3,"60-69",3,3
"145","uk_G1_700236",2,"18-29",2,2
"146","uk_G1_700237",6,"50-59",6,6
"147","uk_G1_700239",1,"30-39",1,1
"148","uk_G1_700241",8,"60-69",8,8
"149","uk_G1_700242",3,"60-69",3,3
"150","uk_G1_700243",3,"60-69",3,3
"151","uk_G1_700244",1,"40-49",1,1
"152","uk_G1_700245",1,"60-69",1,1
"153","uk_G1_700247",1,"70-120",1,1
"154","uk_G1_700248",4,"30-39",4,4
"155","uk_G1_700249",7,"40-49",7,7
"156","uk_G1_700250",1,"50-59",1,1
"157","uk_G1_700251",4,"60-69",4,4
"158","uk_G1_700252",2,"70-120",2,2
"159","uk_G1_700253",2,"60-69",2,2
"160","uk_G1_700254",1,"40-49",1,1
"161","uk_G1_700255",5,"50-59",5,5
"162","uk_G1_700256",3,"60-69",3,3
"163","uk_G1_700257",1,"70-120",1,1
"164","uk_G1_700258",2,"30-39",2,2
"165","uk_G1_700259",6,"50-59",6,6
"166","uk_G1_700260",1,"70-120",1,1
"167","uk_G1_700261",1,"70-120",1,1
"168","uk_G1_700263",5,"50-59",5,5
"169","uk_G1_700265",3,"60-69",3,3
"170","uk_G1_700267",6,"50-59",6,6
"171","uk_G1_700268",4,"50-59",4,4
"172","uk_G1_700269",2,"50-59",2,2
"173","uk_G1_700270",1,"50-59",1,1
"174","uk_G1_700273",1,"60-69",1,1
"175","uk_G1_700274",1,"50-59",1,1
"176","uk_G1_700275",1,"40-49",1,1
"177","uk_G1_700276",2,"60-69",2,2
"178","uk_G1_700277",1,"40-49",1,1
"179","uk_G1_700278",3,"50-59",3,3
"180","uk_G1_700279",1,"60-69",1,1
"181","uk_G1_700280",4,"70-120",4,4
"182","uk_G1_700281",1,"60-69",1,1
"183","uk_G1_700282",7,"60-69",7,7
"184","uk_G1_700283",1,"60-69",1,1
"185","uk_G1_700284",3,"50-59",3,3
"186","uk_G1_700285",3,"18-29",3,3
"187","uk_G1_700286",4,"40-49",4,4
"188","uk_G1_700288",6,"70-120",6,6
"189","uk_G1_700289",1,"30-39",1,1
"190","uk_G1_700290",4,"50-59",4,4
"191","uk_G1_700291",2,"50-59",2,2
"192","uk_G1_700293",4,"60-69",4,4
"193","uk_G1_700294",5,"50-59",5,5
"194","uk_G1_700295",8,"18-29",8,8
"195","uk_G1_700296",4,"40-49",4,4
"196","uk_G1_700297",4,"60-69",4,4
"197","uk_G1_700298",21,"50-59",20,21
"198","uk_G1_700299",2,"30-39",2,2
"199","uk_G1_700300",1,"30-39",1,1
"200","uk_G1_700301",2,"50-59",2,2
"201","uk_G1_700302",2,"70-120",2,2
"202","uk_G1_700303",4,"70-120",4,4
"203","uk_G1_700304",1,"40-49",1,1
"204","uk_G1_700305",1,"50-59",1,1
"205","uk_G1_700306",2,"60-69",2,2
"206","uk_G1_700307",1,"60-69",1,1
"207","uk_G1_700308",4,"60-69",4,4
"208","uk_G1_700310",3,"60-69",3,3
"209","uk_G1_700311",13,"60-69",13,13
"210","uk_G1_700312",4,"60-69",4,4
"211","uk_G1_700313",1,"50-59",1,1
"212","uk_G1_700314",4,"60-69",4,4
"213","uk_G1_700315",34,"70-120",20,34
"214","uk_G1_700316",2,"40-49",2,2
"215","uk_G1_700317",80,"50-59",20,80
"216","uk_G1_700318",7,"40-49",7,7
"217","uk_G1_700319",3,"50-59",3,3
"218","uk_G1_700322",7,"60-69",7,7
"219","uk_G1_700323",2,"50-59",2,2
"220","uk_G1_700324",3,"50-59",3,3
"221","uk_G1_700325",7,"30-39",7,7
"222","uk_G1_700326",3,"30-39",3,3
"223","uk_G1_700327",3,"40-49",3,3
"224","uk_G1_700328",9,"30-39",9,9
"225","uk_G1_700329",4,"50-59",4,4
"226","uk_G1_700330",6,"40-49",6,6
"227","uk_G1_700331",21,"50-59",20,21
"228","uk_G1_700332",79,"50-59",20,79
"229","uk_G1_700333",111,"18-29",20,100
"230","uk_G1_700334",1,"50-59",1,1
"231","uk_G1_700335",1,"40-49",1,1
"232","uk_G1_700336",2,"40-49",2,2
"233","uk_G1_700337",2,"60-69",2,2
"234","uk_G1_700338",2,"50-59",2,2
"235","uk_G1_700339",6,"30-39",6,6
"236","uk_G1_700340",1,"60-69",1,1
"237","uk_G1_700341",2,"60-69",2,2
"238","uk_G1_700343",2,"40-49",2,2
"239","uk_G1_700344",1,"60-69",1,1
"240","uk_G1_700345",1,"30-39",1,1
"241","uk_G1_700346",3,"40-49",3,3
"242","uk_G1_700348",4,"50-59",4,4
"243","uk_G1_700349",5,"40-49",5,5
"244","uk_G1_700350",1,"50-59",1,1
"245","uk_G1_700351",3,"40-49",3,3
"246","uk_G1_700352",5,"50-59",5,5
"247","uk_G1_700353",4,"50-59",4,4
"248","uk_G1_700354",3,"70-120",3,3
"249","uk_G1_700355",5,"40-49",5,5
"250","uk_G1_700356",2,"40-49",2,2
"251","uk_G1_700357",33,"50-59",20,33
"252","uk_G1_700359",3,"40-49",3,3
"253","uk_G1_700360",4,"60-69",4,4
"254","uk_G1_700362",2,"50-59",2,2
"255","uk_G1_700363",4,"70-120",4,4
"256","uk_G1_700364",9,"70-120",9,9
"257","uk_G1_700365",2,"60-69",2,2
"258","uk_G1_700366",3,"40-49",3,3
"259","uk_G1_700367",1,"50-59",1,1
"260","uk_G1_700368",2,"60-69",2,2
"261","uk_G1_700372",7,"50-59",7,7
"262","uk_G1_700373",1,"60-69",1,1
"263","uk_G1_700374",3,"40-49",3,3
"264","uk_G1_700376",6,"40-49",6,6
"265","uk_G1_700377",1,"50-59",1,1
"266","uk_G1_700378",3,"70-120",3,3
"267","uk_G1_700380",3,"40-49",3,3
"268","uk_G1_700381",3,"40-49",3,3
"269","uk_G1_700382",1,"60-69",1,1
"270","uk_G1_700383",1,"40-49",1,1
"271","uk_G1_700384",6,"60-69",6,6
"272","uk_G1_700385",2,"40-49",2,2
"273","uk_G1_700387",8,"40-49",8,8
"274","uk_G1_700389",4,"30-39",4,4
"275","uk_G1_700391",1,"50-59",1,1
"276","uk_G1_700392",1,"60-69",1,1
"277","uk_G1_700393",6,"18-29",6,6
"278","uk_G1_700394",7,"40-49",7,7
"279","uk_G1_700395",4,"50-59",4,4
"280","uk_G1_700396",6,"50-59",6,6
"281","uk_G1_700397",5,"60-69",5,5
"282","uk_G1_700398",5,"50-59",5,5
"283","uk_G1_700399",9,"60-69",9,9
"284","uk_G1_700401",1,"40-49",1,1
"285","uk_G1_700403",6,"60-69",6,6
"286","uk_G1_700404",5,"50-59",5,5
"287","uk_G1_700405",3,"60-69",3,3
"288","uk_G1_700406",6,"30-39",6,6
"289","uk_G1_700407",1,"60-69",1,1
"290","uk_G1_700408",1,"40-49",1,1
"291","uk_G1_700409",1,"60-69",1,1
"292","uk_G1_700410",14,"50-59",14,14
"293","uk_G1_700412",1,"60-69",1,1
"294","uk_G1_700413",4,"50-59",4,4
"295","uk_G1_700414",5,"60-69",5,5
"296","uk_G1_700415",3,"30-39",3,3
"297","uk_G1_700416",1,"30-39",1,1
"298","uk_G1_700418",12,"60-69",12,12
"299","uk_G1_700419",1,"60-69",1,1
"300","uk_G1_700420",3,"30-39",3,3
"301","uk_G1_700421",12,"40-49",12,12
"302","uk_G1_700422",1,"50-59",1,1
"303","uk_G1_700423",1,"40-49",1,1
"304","uk_G1_700424",5,"70-120",5,5
"305","uk_G1_700425",1,"60-69",1,1
"306","uk_G1_700426",3,"30-39",3,3
"307","uk_G1_700427",1,"40-49",1,1
"308","uk_G1_700428",8,"70-120",8,8
"309","uk_G1_700430",7,"60-69",7,7
"310","uk_G1_700431",22,"50-59",20,22
"311","uk_G1_700434",2,"30-39",2,2
"312","uk_G1_700435",1,"70-120",1,1
"313","uk_G1_700436",1,"60-69",1,1
"314","uk_G1_700437",9,"40-49",9,9
"315","uk_G1_700438",4,"70-120",4,4
"316","uk_G1_700439",7,"60-69",7,7
"317","uk_G1_700441",151,"70-120",20,100
"318","uk_G1_700442",1,"60-69",1,1
"319","uk_G1_700443",4,"50-59",4,4
"320","uk_G1_700444",1,"40-49",1,1
"321","uk_G1_700445",9,"40-49",9,9
"322","uk_G1_700446",3,"40-49",3,3
"323","uk_G1_700447",4,"30-39",4,4
"324","uk_G1_700448",2,"50-59",2,2
"325","uk_G1_700449",3,"40-49",3,3
"326","uk_G1_700454",4,"40-49",4,4
"327","uk_G1_700455",1,"70-120",1,1
"328","uk_G1_700456",4,"50-59",4,4
"329","uk_G1_700457",12,"50-59",12,12
"330","uk_G1_700458",18,"60-69",18,18
"331","uk_G1_700459",1,"60-69",1,1
"332","uk_G1_700460",6,"50-59",6,6
"333","uk_G1_700461",1,"60-69",1,1
"334","uk_G1_700462",2,"70-120",2,2
"335","uk_G1_700463",2,"50-59",2,2
"336","uk_G1_700464",1,"40-49",1,1
"337","uk_G1_700465",3,"70-120",3,3
"338","uk_G1_700468",1,"70-120",1,1
"339","uk_G1_700469",1,"40-49",1,1
"340","uk_G1_700470",1,"60-69",1,1
"341","uk_G1_700471",1,"70-120",1,1
"342","uk_G1_700472",14,"60-69",14,14
"343","uk_G1_700473",2,"70-120",2,2
"344","uk_G1_700474",1,"70-120",1,1
"345","uk_G1_700475",2,"60-69",2,2
"346","uk_G1_700477",7,"40-49",7,7
"347","uk_G1_700478",14,"60-69",14,14
"348","uk_G1_700479",2,"30-39",2,2
"349","uk_G1_700480",6,"60-69",6,6
"350","uk_G1_700481",4,"70-120",4,4
"351","uk_G1_700482",7,"70-120",7,7
"352","uk_G1_700483",1,"30-39",1,1
"353","uk_G1_700484",1,"70-120",1,1
"354","uk_G1_700485",1,"30-39",1,1
"355","uk_G1_700486",6,"50-59",6,6
"356","uk_G1_700487",1,"40-49",1,1
"357","uk_G1_700488",3,"50-59",3,3
"358","uk_G1_700489",3,"40-49",3,3
"359","uk_G1_700490",3,"40-49",3,3
"360","uk_G1_700491",2,"30-39",2,2
"361","uk_G1_700492",2,"70-120",2,2
"362","uk_G1_700493",1,"70-120",1,1
"363","uk_G1_700495",3,"60-69",3,3
"364","uk_G1_700496",18,"60-69",18,18
"365","uk_G1_700497",1,"70-120",1,1
"366","uk_G1_700498",2,"18-29",2,2
"367","uk_G1_700499",1,"30-39",1,1
"368","uk_G1_700500",3,"30-39",3,3
"369","uk_G1_700501",4,"40-49",4,4
"370","uk_G1_700502",7,"60-69",7,7
"371","uk_G1_700503",9,"60-69",9,9
"372","uk_G1_700504",3,"40-49",3,3
"373","uk_G1_700505",2,"40-49",2,2
"374","uk_G1_700506",356,"50-59",20,100
"375","uk_G1_700507",3,"60-69",3,3
"376","uk_G1_700508",69,"50-59",20,69
"377","uk_G1_700509",2,"40-49",2,2
"378","uk_G1_700510",5,"30-39",5,5
"379","uk_G1_700511",1,"40-49",1,1
"380","uk_G1_700512",1,"18-29",1,1
"381","uk_G1_700513",6,"70-120",6,6
"382","uk_G1_700514",1,"60-69",1,1
"383","uk_G1_700516",3,"30-39",3,3
"384","uk_G1_700517",4,"40-49",4,4
"385","uk_G1_700519",14,"40-49",14,14
"386","uk_G1_700521",1,"50-59",1,1
"387","uk_G1_700522",1,"40-49",1,1
"388","uk_G1_700523",4,"18-29",4,4
"389","uk_G1_700524",3,"60-69",3,3
"390","uk_G1_700525",7,"50-59",7,7
"391","uk_G1_700526",1,"60-69",1,1
"392","uk_G1_700527",16,"30-39",16,16
"393","uk_G1_700529",4,"60-69",4,4
"394","uk_G1_700530",1,"70-120",1,1
"395","uk_G1_700531",11,"60-69",11,11
"396","uk_G1_700532",24,"50-59",20,24
"397","uk_G1_700534",4,"50-59",4,4
"398","uk_G1_700536",10,"40-49",10,10
"399","uk_G1_700537",2,"70-120",2,2
"400","uk_G1_700538",2,"70-120",2,2
"401","uk_G1_700539",1,"70-120",1,1
"402","uk_G1_700540",1,"60-69",1,1
"403","uk_G1_700541",2,"30-39",2,2
"404","uk_G1_700542",1,"30-39",1,1
"405","uk_G1_700543",1,"18-29",1,1
"406","uk_G1_700544",2,"50-59",2,2
"407","uk_G1_700545",5,"50-59",5,5
"408","uk_G1_700546",4,"40-49",4,4
"409","uk_G1_700547",4,"60-69",4,4
"410","uk_G1_700548",14,"50-59",14,14
"411","uk_G1_700549",2,"50-59",2,2
"412","uk_G1_700550",1,"30-39",1,1
"413","uk_G1_700551",1,"60-69",1,1
"414","uk_G1_700552",3,"50-59",3,3
"415","uk_G1_700553",4,"40-49",4,4
"416","uk_G1_700554",2,"40-49",2,2
"417","uk_G1_700555",6,"30-39",6,6
"418","uk_G1_700556",3,"70-120",3,3
"419","uk_G1_700558",5,"40-49",5,5
"420","uk_G1_700559",1,"50-59",1,1
"421","uk_G1_700560",1,"60-69",1,1
"422","uk_G1_700561",9,"30-39",9,9
"423","uk_G1_700562",1,"30-39",1,1
"424","uk_G1_700563",1,"50-59",1,1
"425","uk_G1_700565",4,"60-69",4,4
"426","uk_G1_700566",1,"50-59",1,1
"427","uk_G1_700567",8,"70-120",8,8
"428","uk_G1_700568",7,"60-69",7,7
"429","uk_G1_700569",1,"40-49",1,1
"430","uk_G1_700570",14,"18-29",14,14
"431","uk_G1_700571",1,"30-39",1,1
"432","uk_G1_700572",1,"30-39",1,1
"433","uk_G1_700573",10,"50-59",10,10
"434","uk_G1_700574",2,"60-69",2,2
"435","uk_G1_700575",9,"60-69",9,9
"436","uk_G1_700576",1,"40-49",1,1
"437","uk_G1_700577",2,"70-120",2,2
"438","uk_G1_700578",6,"30-39",6,6
"439","uk_G1_700579",3,"30-39",3,3
"440","uk_G1_700581",3,"40-49",3,3
"441","uk_G1_700582",5,"18-29",5,5
"442","uk_G1_700583",3,"60-69",3,3
"443","uk_G1_700584",4,"40-49",4,4
"444","uk_G1_700586",3,"70-120",3,3
"445","uk_G1_700587",4,"30-39",4,4
"446","uk_G1_700589",1,"40-49",1,1
"447","uk_G1_700590",5,"70-120",5,5
"448","uk_G1_700591",9,"18-29",9,9
"449","uk_G1_700592",3,"40-49",3,3
"450","uk_G1_700593",4,"70-120",4,4
"451","uk_G1_700594",10,"30-39",10,10
"452","uk_G1_700595",3,"70-120",3,3
"453","uk_G1_700597",33,"30-39",20,33
"454","uk_G1_700598",31,"40-49",20,31
"455","uk_G1_700599",1,"60-69",1,1
"456","uk_G1_700600",1,"70-120",1,1
"457","uk_G1_700602",4,"50-59",4,4
"458","uk_G1_700603",1,"60-69",1,1
"459","uk_G1_700604",1,"40-49",1,1
"460","uk_G1_700605",25,"30-39",20,25
"461","uk_G1_700606",5,"70-120",5,5
"462","uk_G1_700607",4,"40-49",4,4
"463","uk_G1_700608",6,"40-49",6,6
"464","uk_G1_700609",1,"30-39",1,1
"465","uk_G1_700610",4,"60-69",4,4
"466","uk_G1_700611",7,"40-49",7,7
"467","uk_G1_700612",3,"40-49",3,3
"468","uk_G1_700613",1,"18-29",1,1
"469","uk_G1_700615",1,"70-120",1,1
"470","uk_G1_700616",1,"40-49",1,1
"471","uk_G1_700617",3,"30-39",3,3
"472","uk_G1_700618",13,"40-49",13,13
"473","uk_G1_700619",233,"30-39",20,100
"474","uk_G1_700621",2,"40-49",2,2
"475","uk_G1_700622",3,"60-69",3,3
"476","uk_G1_700624",1,"70-120",1,1
"477","uk_G1_700625",2,"60-69",2,2
"478","uk_G1_700626",13,"70-120",13,13
"479","uk_G1_700627",11,"30-39",11,11
"480","uk_G1_700628",4,"30-39",4,4
"481","uk_G1_700629",1,"60-69",1,1
"482","uk_G1_700630",2,"30-39",2,2
"483","uk_G1_700631",2,"70-120",2,2
"484","uk_G1_700632",5,"30-39",5,5
"485","uk_G1_700633",2,"60-69",2,2
"486","uk_G1_700635",3,"30-39",3,3
"487","uk_G1_700636",1,"30-39",1,1
"488","uk_G1_700637",2,"40-49",2,2
"489","uk_G1_700638",1,"60-69",1,1
"490","uk_G1_700758",3,"18-29",3,3
"491","uk_G1_700760",3,"18-29",3,3
"492","uk_G1_700761",1,"18-29",1,1
"493","uk_G1_700763",1,"30-39",1,1
"494","uk_G1_700764",2,"40-49",2,2
"495","uk_G1_700765",3,"50-59",3,3
"496","uk_G1_700766",3,"50-59",3,3
"497","uk_G1_700767",1,"60-69",1,1
"498","uk_G1_700769",3,"30-39",3,3
"499","uk_G1_700770",2,"70-120",2,2
"500","uk_G1_700771",5,"50-59",5,5
"501","uk_G1_700772",2,"50-59",2,2
"502","uk_G1_700773",1,"60-69",1,1
"503","uk_G1_700774",1,"70-120",1,1
"504","uk_G1_700775",3,"50-59",3,3
"505","uk_G1_700776",4,"18-29",4,4
"506","uk_G1_700777",6,"40-49",6,6
"507","uk_G1_700778",1,"30-39",1,1
"508","uk_G1_700779",7,"18-29",7,7
"509","uk_G1_700780",3,"30-39",3,3
"510","uk_G1_700781",204,"50-59",20,100
"511","uk_G1_700783",2,"50-59",2,2
"512","uk_G1_700784",7,"40-49",7,7
"513","uk_G1_700785",6,"18-29",6,6
"514","uk_G1_700786",2,"40-49",2,2
"515","uk_G1_700787",1,"70-120",1,1
"516","uk_G1_700788",3,"40-49",3,3
"517","uk_G1_700789",2,"18-29",2,2
"518","uk_G1_700790",3,"30-39",3,3
"519","uk_G1_700791",1,"60-69",1,1
"520","uk_G1_700792",6,"30-39",6,6
"521","uk_G1_700793",7,"40-49",7,7
"522","uk_G1_700794",1,"50-59",1,1
"523","uk_G1_700795",9,"18-29",9,9
"524","uk_G1_700796",23,"50-59",20,23
"525","uk_G1_700797",6,"60-69",6,6
"526","uk_G1_700798",1,"50-59",1,1
"527","uk_G1_700799",12,"50-59",12,12
"528","uk_G1_700800",3,"60-69",3,3
"529","uk_G1_700801",1,"60-69",1,1
"530","uk_G1_700802",2,"60-69",2,2
"531","uk_G1_700803",11,"18-29",11,11
"532","uk_G1_700804",4,"60-69",4,4
"533","uk_G1_700806",3,"18-29",3,3
"534","uk_G1_700807",1,"18-29",1,1
"535","uk_G1_700808",5,"60-69",5,5
"536","uk_G1_700810",1,"30-39",1,1
"537","uk_G1_700811",1,"50-59",1,1
"538","uk_G1_700812",5,"18-29",5,5
"539","uk_G1_700813",4,"40-49",4,4
"540","uk_G1_700814",1,"40-49",1,1
"541","uk_G1_700815",1,"50-59",1,1
"542","uk_G1_700816",2,"40-49",2,2
"543","uk_G1_700817",8,"50-59",8,8
"544","uk_G1_700818",1,"50-59",1,1
"545","uk_G1_700819",1,"60-69",1,1
"546","uk_G1_700820",5,"60-69",5,5
"547","uk_G1_700821",5,"30-39",5,5
"548","uk_G1_700823",9,"40-49",9,9
"549","uk_G1_700824",1,"18-29",1,1
"550","uk_G1_700825",1,"60-69",1,1
"551","uk_G1_700826",3,"30-39",3,3
"552","uk_G1_700827",1,"60-69",1,1
"553","uk_G1_700828",1,"50-59",1,1
"554","uk_G1_700829",2,"50-59",2,2
"555","uk_G1_700830",2,"30-39",2,2
"556","uk_G1_700831",2,"30-39",2,2
"557","uk_G1_700832",2,"40-49",2,2
"558","uk_G1_700833",3,"40-49",3,3
"559","uk_G1_700834",1,"18-29",1,1
"560","uk_G1_700835",53,"70-120",20,53
"561","uk_G1_700836",1,"60-69",1,1
"562","uk_G1_700837",3,"40-49",3,3
"563","uk_G1_700838",1,"50-59",1,1
"564","uk_G1_700841",11,"60-69",11,11
"565","uk_G1_700842",3,"30-39",3,3
"566","uk_G1_700843",4,"30-39",4,4
"567","uk_G1_700844",3,"40-49",3,3
"568","uk_G1_700845",4,"50-59",4,4
"569","uk_G1_700846",1,"50-59",1,1
"570","uk_G1_700848",6,"40-49",6,6
"571","uk_G1_700849",1,"50-59",1,1
"572","uk_G1_700850",3,"30-39",3,3
"573","uk_G1_700851",5,"50-59",5,5
"574","uk_G1_700852",3,"60-69",3,3
"575","uk_G1_700854",4,"40-49",4,4
"576","uk_G1_700855",9,"40-49",9,9
"577","uk_G1_700856",6,"60-69",6,6
"578","uk_G1_700857",1,"50-59",1,1
"579","uk_G1_700858",1,"30-39",1,1
"580","uk_G1_700859",2,"40-49",2,2
"581","uk_G1_700862",5,"40-49",5,5
"582","uk_G1_700863",5,"40-49",5,5
"583","uk_G1_700864",7,"60-69",7,7
"584","uk_G1_700865",6,"50-59",6,6
"585","uk_G1_700866",1,"70-120",1,1
"586","uk_G1_700867",1,"40-49",1,1
"587","uk_G1_700868",6,"50-59",6,6
"588","uk_G1_700869",4,"30-39",4,4
"589","uk_G1_700870",6,"50-59",6,6
"590","uk_G1_700871",2,"60-69",2,2
"591","uk_G1_700872",2,"18-29",2,2
"592","uk_G1_700873",4,"40-49",4,4
"593","uk_G1_700874",1,"60-69",1,1
"594","uk_G1_700875",4,"30-39",4,4
"595","uk_G1_700876",14,"60-69",14,14
"596","uk_G1_700877",1,"30-39",1,1
"597","uk_G1_700878",3,"60-69",3,3
"598","uk_G1_700880",1,"50-59",1,1
"599","uk_G1_700881",5,"50-59",5,5
"600","uk_G1_700882",2,"70-120",2,2
"601","uk_G1_700884",3,"60-69",3,3
"602","uk_G1_700885",2,"50-59",2,2
"603","uk_G1_700887",4,"18-29",4,4
"604","uk_G1_700888",3,"60-69",3,3
"605","uk_G1_700889",1,"30-39",1,1
"606","uk_G1_700890",2,"50-59",2,2
"607","uk_G1_700891",2,"40-49",2,2
"608","uk_G1_700892",1,"50-59",1,1
"609","uk_G1_700893",3,"30-39",3,3
"610","uk_G1_700894",1,"60-69",1,1
"611","uk_G1_700895",3,"60-69",3,3
"612","uk_G1_700896",2,"50-59",2,2
"613","uk_G1_700897",3,"30-39",3,3
"614","uk_G1_700898",3,"40-49",3,3
"615","uk_G1_700899",3,"30-39",3,3
"616","uk_G1_700900",3,"40-49",3,3
"617","uk_G1_700901",2,"50-59",2,2
"618","uk_G1_700903",1,"60-69",1,1
"619","uk_G1_700904",2,"40-49",2,2
"620","uk_G1_700905",1,"50-59",1,1
"621","uk_G1_700906",2,"30-39",2,2
"622","uk_G1_700907",1,"30-39",1,1
"623","uk_G1_700908",3,"40-49",3,3
"624","uk_G1_700909",2,"18-29",2,2
"625","uk_G1_700910",2,"40-49",2,2
"626","uk_G1_700911",4,"30-39",4,4
"627","uk_G1_700913",5,"70-120",5,5
"628","uk_G1_700914",1,"60-69",1,1
"629","uk_G1_700915",6,"30-39",6,6
"630","uk_G1_700916",3,"30-39",3,3
"631","uk_G1_700917",5,"30-39",5,5
"632","uk_G1_700918",4,"50-59",4,4
"633","uk_G1_700919",16,"50-59",16,16
"634","uk_G1_700920",4,"50-59",4,4
"635","uk_G1_700921",3,"60-69",3,3
"636","uk_G1_700922",1,"30-39",1,1
"637","uk_G1_700923",2,"50-59",2,2
"638","uk_G1_700924",13,"40-49",13,13
"639","uk_G1_700925",1,"30-39",1,1
"640","uk_G1_700926",1,"50-59",1,1
"641","uk_G1_700927",4,"70-120",4,4
"642","uk_G1_700928",2,"30-39",2,2
"643","uk_G1_700930",2,"60-69",2,2
"644","uk_G1_700931",2,"60-69",2,2
"645","uk_G1_700932",4,"50-59",4,4
"646","uk_G1_700933",2,"60-69",2,2
"647","uk_G1_700934",3,"60-69",3,3
"648","uk_G1_700935",1,"30-39",1,1
"649","uk_G1_700936",1,"60-69",1,1
"650","uk_G1_700937",3,"50-59",3,3
"651","uk_G1_700938",2,"18-29",2,2
"652","uk_G1_700939",3,"60-69",3,3
"653","uk_G1_700940",1,"40-49",1,1
"654","uk_G1_700941",2,"60-69",2,2
"655","uk_G1_700942",6,"70-120",6,6
"656","uk_G1_700943",18,"70-120",18,18
"657","uk_G1_700944",11,"60-69",11,11
"658","uk_G1_700945",3,"50-59",3,3
"659","uk_G1_700946",4,"40-49",4,4
"660","uk_G1_700947",1,"70-120",1,1
"661","uk_G1_700948",1,"60-69",1,1
"662","uk_G1_700949",2,"30-39",2,2
"663","uk_G1_700950",5,"70-120",5,5
"664","uk_G1_700951",1,"60-69",1,1
"665","uk_G1_700952",3,"30-39",3,3
"666","uk_G1_700953",2,"60-69",2,2
"667","uk_G1_700954",2,"30-39",2,2
"668","uk_G1_700955",7,"40-49",7,7
"669","uk_G1_700957",2,"40-49",2,2
"670","uk_G1_700958",2,"60-69",2,2
"671","uk_G1_700959",2,"50-59",2,2
"672","uk_G1_700961",3,"50-59",3,3
"673","uk_G1_700962",8,"18-29",8,8
"674","uk_G1_700963",6,"40-49",6,6
"675","uk_G1_700964",2,"40-49",2,2
"676","uk_G1_700965",3,"18-29",3,3
"677","uk_G1_700966",2,"50-59",2,2
"678","uk_G1_700967",1,"50-59",1,1
"679","uk_G1_700968",3,"40-49",3,3
"680","uk_G1_700969",11,"18-29",11,11
"681","uk_G1_700970",4,"40-49",4,4
"682","uk_G1_700971",2,"40-49",2,2
"683","uk_G1_700972",4,"30-39",4,4
"684","uk_G1_700973",1,"50-59",1,1
"685","uk_G1_700975",1,"70-120",1,1
"686","uk_G1_700976",2,"40-49",2,2
"687","uk_G1_700979",2,"40-49",2,2
"688","uk_G1_700980",2,"60-69",2,2
"689","uk_G1_700981",2,"50-59",2,2
"690","uk_G1_700982",1,"40-49",1,1
"691","uk_G1_700983",1,"70-120",1,1
"692","uk_G1_700984",4,"40-49",4,4
"693","uk_G1_700985",3,"60-69",3,3
"694","uk_G1_700986",3,"18-29",3,3
"695","uk_G1_700987",2,"18-29",2,2
"696","uk_G1_700988",3,"30-39",3,3
"697","uk_G1_700989",1,"60-69",1,1
"698","uk_G1_700991",3,"30-39",3,3
"699","uk_G1_700992",3,"30-39",3,3
"700","uk_G1_700993",1,"70-120",1,1
"701","uk_G1_700994",3,"30-39",3,3
"702","uk_G1_700996",8,"50-59",8,8
"703","uk_G1_700997",1,"60-69",1,1
"704","uk_G1_700999",1,"70-120",1,1
"705","uk_G1_701000",1,"70-120",1,1
"706","uk_G1_701001",2,"30-39",2,2
"707","uk_G1_701002",1,"30-39",1,1
"708","uk_G1_701003",1,"60-69",1,1
"709","uk_G1_701004",2,"18-29",2,2
"710","uk_G1_701005",1,"60-69",1,1
"711","uk_G1_701007",1,"60-69",1,1
"712","uk_G1_701009",1,"60-69",1,1
"713","uk_G1_701010",3,"50-59",3,3
"714","uk_G1_701011",4,"50-59",4,4
"715","uk_G1_701012",2,"30-39",2,2
"716","uk_G1_701013",1,"50-59",1,1
"717","uk_G1_701014",1,"60-69",1,1
"718","uk_G1_701015",3,"60-69",3,3
"719","uk_G1_701018",1,"40-49",1,1
"720","uk_G1_701019",3,"30-39",3,3
"721","uk_G1_701020",2,"18-29",2,2
"722","uk_G1_701021",3,"18-29",3,3
"723","uk_G1_701022",6,"50-59",6,6
"724","uk_G1_701024",2,"50-59",2,2
"725","uk_G1_701025",120,"50-59",20,100
"726","uk_G1_701026",5,"60-69",5,5
"727","uk_G1_701027",4,"40-49",4,4
"728","uk_G1_701028",2,"60-69",2,2
"729","uk_G1_701029",1,"60-69",1,1
"730","uk_G1_701030",7,"40-49",7,7
"731","uk_G1_701033",1,"60-69",1,1
"732","uk_G1_701034",10,"40-49",10,10
"733","uk_G1_701036",2,"40-49",2,2
"734","uk_G1_701037",1,"50-59",1,1
"735","uk_G1_701038",1,"50-59",1,1
"736","uk_G1_701039",2,"40-49",2,2
"737","uk_G1_701040",3,"60-69",3,3
"738","uk_G1_701041",1,"60-69",1,1
"739","uk_G1_701044",1,"60-69",1,1
"740","uk_G1_701046",5,"30-39",5,5
"741","uk_G1_701047",2,"50-59",2,2
"742","uk_G1_701048",1,"60-69",1,1
"743","uk_G1_701049",2,"30-39",2,2
"744","uk_G1_701050",2,"40-49",2,2
"745","uk_G1_701051",1,"50-59",1,1
"746","uk_G1_701052",7,"50-59",7,7
"747","uk_G1_701053",1,"30-39",1,1
"748","uk_G1_701054",2,"60-69",2,2
"749","uk_G1_701055",3,"60-69",3,3
"750","uk_G1_701056",8,"60-69",8,8
"751","uk_G1_701058",1,"60-69",1,1
"752","uk_G1_701059",2,"60-69",2,2
"753","uk_G1_701062",3,"70-120",3,3
"754","uk_G1_701063",6,"18-29",6,6
"755","uk_G1_701066",10,"30-39",10,10
"756","uk_G1_701067",1,"18-29",1,1
"757","uk_G1_701069",3,"60-69",3,3
"758","uk_G1_701070",123,"30-39",20,100
"759","uk_G1_701071",1,"40-49",1,1
"760","uk_G1_701072",2,"50-59",2,2
"761","uk_G1_701073",4,"60-69",4,4
"762","uk_G1_701074",1,"60-69",1,1
"763","uk_G1_701075",3,"50-59",3,3
"764","uk_G1_701076",1,"50-59",1,1
"765","uk_G1_701077",3,"60-69",3,3
"766","uk_G1_701078",1,"70-120",1,1
"767","uk_G1_701079",5,"70-120",5,5
"768","uk_G1_701080",4,"18-29",4,4
"769","uk_G1_701081",8,"40-49",8,8
"770","uk_G1_701082",2,"40-49",2,2
"771","uk_G1_701083",1,"60-69",1,1
"772","uk_G1_701084",1,"60-69",1,1
"773","uk_G1_701085",1,"60-69",1,1
"774","uk_G1_701086",2,"18-29",2,2
"775","uk_G1_701087",9,"18-29",9,9
"776","uk_G1_701088",3,"50-59",3,3
"777","uk_G1_701092",1,"70-120",1,1
"778","uk_G1_701093",2,"18-29",2,2
"779","uk_G1_701095",1,"60-69",1,1
"780","uk_G1_701097",2,"60-69",2,2
"781","uk_G1_701098",1,"40-49",1,1
"782","uk_G1_701099",1,"60-69",1,1
"783","uk_G1_701102",1,"70-120",1,1
"784","uk_G1_701104",2,"70-120",2,2
"785","uk_G1_701105",2,"70-120",2,2
"786","uk_G1_701106",2,"50-59",2,2
"787","uk_G1_701107",1,"60-69",1,1
"788","uk_G1_701108",1,"70-120",1,1
"789","uk_G1_701109",1,"30-39",1,1
"790","uk_G1_701111",1,"50-59",1,1
"791","uk_G1_701112",4,"60-69",4,4
"792","uk_G1_701114",2,"50-59",2,2
"793","uk_G1_701115",2,"18-29",2,2
"794","uk_G1_701116",2,"70-120",2,2
"795","uk_G1_701118",1,"40-49",1,1
"796","uk_G1_701119",7,"70-120",7,7
"797","uk_G1_701121",3,"18-29",3,3
"798","uk_G1_701122",1,"60-69",1,1
"799","uk_G1_701123",3,"40-49",3,3
"800","uk_G1_701124",2,"60-69",2,2
"801","uk_G1_701126",2,"70-120",2,2
"802","uk_G1_701127",2,"70-120",2,2
"803","uk_G1_701128",1,"30-39",1,1
"804","uk_G1_701129",3,"50-59",3,3
"805","uk_G1_701130",1,"60-69",1,1
"806","uk_G1_701133",1,"70-120",1,1
"807","uk_G1_701134",1,"70-120",1,1
"808","uk_G1_701138",4,"60-69",4,4
"809","uk_G1_701139",1,"70-120",1,1
"810","uk_G1_701140",3,"70-120",3,3
"811","uk_G1_701141",1,"60-69",1,1
"812","uk_G1_701143",3,"30-39",3,3
"813","uk_G1_701144",3,"40-49",3,3
"814","uk_G1_701145",1,"18-29",1,1
"815","uk_G1_701146",1,"30-39",1,1
"816","uk_G1_701147",3,"70-120",3,3
"817","uk_G1_701148",8,"30-39",8,8
"818","uk_G1_701150",3,"40-49",3,3
"819","uk_G1_701151",2,"50-59",2,2
"820","uk_G1_701152",5,"18-29",5,5
"821","uk_G1_701153",3,"18-29",3,3
"822","uk_G1_701154",3,"60-69",3,3
"823","uk_G1_701155",6,"18-29",6,6
"824","uk_G1_701157",1,"18-29",1,1
"825","uk_G1_701158",2,"18-29",2,2
"826","uk_G1_701159",2,"18-29",2,2
"827","uk_G1_701160",3,"18-29",3,3
"828","uk_G1_701161",3,"18-29",3,3
"829","uk_G1_701162",3,"18-29",3,3
"830","uk_G1_701163",2,"18-29",2,2
"831","uk_G1_701164",3,"18-29",3,3
"832","uk_G1_701165",4,"18-29",4,4
"833","uk_G1_701166",1,"18-29",1,1
"834","uk_G1_701167",5,"30-39",5,5
"835","uk_G1_701168",3,"18-29",3,3
"836","uk_G1_701169",18,"18-29",18,18
"837","uk_G1_701171",3,"18-29",3,3
"838","uk_G1_701172",4,"18-29",4,4
"839","uk_G1_701173",3,"18-29",3,3
"840","uk_G1_701176",2,"40-49",2,2
"841","uk_G1_701177",7,"18-29",7,7
"842","uk_G1_701178",2,"18-29",2,2
"843","uk_G1_701179",1,"18-29",1,1
"844","uk_G1_701180",4,"18-29",4,4
"845","uk_G1_701181",4,"18-29",4,4
"846","uk_G1_701184",2,"18-29",2,2
"847","uk_G1_701185",8,"18-29",8,8
"848","uk_G1_701186",3,"18-29",3,3
"849","uk_G1_701187",1,"18-29",1,1
"850","uk_G1_701209",2,"18-29",2,2
"851","uk_G1_701219",6,"18-29",6,6
"852","uk_G1_701245",3,"18-29",3,3
"853","uk_G1_701250",2,"18-29",2,2
"854","uk_G1_701251",7,"18-29",7,7
"855","uk_G1_701281",29,"18-29",20,29
"856","uk_G1_701291",2,"18-29",2,2
"857","uk_G1_701292",1,"18-29",1,1
"858","uk_G1_701318",1,"18-29",1,1
"859","uk_G1_701340",4,"18-29",4,4
"860","uk_G1_701358",10,"18-29",10,10
"861","uk_G1_701376",5,"18-29",5,5
"862","uk_G1_701445",5,"18-29",5,5
"863","uk_G1_701447",3,"18-29",3,3
"864","uk_G1_701448",3,"18-29",3,3
"865","uk_G1_701449",2,"18-29",2,2
"866","uk_G1_701450",1,"18-29",1,1
"867","uk_G1_701453",1,"18-29",1,1
"868","uk_G1_701455",56,"18-29",20,56
"869","uk_G1_701456",5,"18-29",5,5
"870","uk_G1_701457",14,"18-29",14,14
"871","uk_G1_701458",3,"18-29",3,3
"872","uk_G1_701459",1,"18-29",1,1
"873","uk_G1_701460",8,"18-29",8,8
"874","uk_G1_701461",8,"18-29",8,8
"875","uk_G1_701462",1,"18-29",1,1
"876","uk_G1_701463",58,"18-29",20,58
"877","uk_G1_701465",3,"18-29",3,3
"878","uk_G1_701466",2,"18-29",2,2
"879","uk_G1_701468",39,"18-29",20,39
"880","uk_G1_701469",1,"18-29",1,1
"881","uk_G1_701471",2,"18-29",2,2
"882","uk_G1_701472",5,"18-29",5,5
"883","uk_G1_701473",2,"18-29",2,2
"884","uk_G1_701475",2,"18-29",2,2
"885","uk_G1_701476",10,"18-29",10,10
"886","uk_G1_701477",3,"18-29",3,3
"887","uk_G1_701479",3,"18-29",3,3
"888","uk_G1_701480",1,"18-29",1,1
"889","uk_G1_701481",320,"18-29",20,100
"890","uk_G1_701483",4,"18-29",4,4
"891","uk_G1_701484",12,"18-29",12,12
"892","uk_G1_701485",10,"18-29",10,10
"893","uk_G1_701487",5,"18-29",5,5
"894","uk_G1_701488",4,"18-29",4,4
"895","uk_G1_701490",7,"18-29",7,7
"896","uk_G1_701491",6,"18-29",6,6
"897","uk_G1_701492",9,"18-29",9,9
"898","uk_G1_701493",3,"18-29",3,3
"899","uk_G1_701494",1,"18-29",1,1
"900","uk_G1_701496",3,"18-29",3,3
"901","uk_G1_701497",1,"18-29",1,1
"902","uk_G1_701498",1,"18-29",1,1
"903","uk_G1_701501",6,"18-29",6,6
"904","uk_G1_701502",3,"18-29",3,3
"905","uk_G1_701503",1,"18-29",1,1
"906","uk_G1_701504",1,"18-29",1,1
"907","uk_G1_701505",9,"18-29",9,9
"908","uk_G1_701506",2,"18-29",2,2
"909","uk_G1_701507",8,"18-29",8,8
"910","uk_G1_701509",2,"60-69",2,2
"911","uk_G1_701511",6,"60-69",6,6
"912","uk_G1_701512",2,"70-120",2,2
"913","uk_G1_701513",7,"70-120",7,7
"914","uk_G1_701514",1,"50-59",1,1
"915","uk_G1_701515",2,"18-29",2,2
"916","uk_G1_701516",4,"50-59",4,4
"917","uk_G1_701517",2,"40-49",2,2
"918","uk_G1_701518",17,"30-39",17,17
"919","uk_G1_701521",2,"70-120",2,2
"920","uk_G1_701522",6,"30-39",6,6
"921","uk_G1_701524",3,"50-59",3,3
"922","uk_G1_701525",3,"18-29",3,3
"923","uk_G1_701526",4,"30-39",4,4
"924","uk_G1_701528",1,"40-49",1,1
"925","uk_G1_701529",1,"30-39",1,1
"926","uk_G1_701532",1,"40-49",1,1
"927","uk_G1_701533",1,"18-29",1,1
"928","uk_G1_701535",3,"30-39",3,3
"929","uk_G1_701537",4,"60-69",4,4
"930","uk_G1_701539",7,"60-69",7,7
"931","uk_G1_701540",1,"70-120",1,1
"932","uk_G1_701541",5,"50-59",5,5
"933","uk_G1_701542",1,"50-59",1,1
"934","uk_G1_701543",4,"30-39",4,4
"935","uk_G1_701546",5,"60-69",5,5
"936","uk_G1_701547",2,"30-39",2,2
"937","uk_G1_701548",1,"60-69",1,1
"938","uk_G1_701549",5,"50-59",5,5
"939","uk_G1_701550",5,"50-59",5,5
"940","uk_G1_701552",2,"40-49",2,2
"941","uk_G1_701553",1,"70-120",1,1
"942","uk_G1_701554",2,"60-69",2,2
"943","uk_G1_701555",3,"50-59",3,3
"944","uk_G1_701556",7,"50-59",7,7
"945","uk_G1_701557",3,"30-39",3,3
"946","uk_G1_701558",1,"70-120",1,1
"947","uk_G1_701560",4,"30-39",4,4
"948","uk_G1_701562",5,"70-120",5,5
"949","uk_G1_701564",3,"18-29",3,3
"950","uk_G1_701566",3,"18-29",3,3
"951","uk_G1_701568",4,"30-39",4,4
"952","uk_G1_701569",19,"50-59",19,19
"953","uk_G1_701573",3,"60-69",3,3
"954","uk_G1_701575",1,"60-69",1,1
"955","uk_G1_701576",161,"40-49",20,100
"956","uk_G1_701578",10,"50-59",10,10
"957","uk_G1_701580",1,"60-69",1,1
"958","uk_G1_701582",1,"60-69",1,1
"959","uk_G1_701583",4,"60-69",4,4
"960","uk_G1_701584",2,"60-69",2,2
"961","uk_G1_701585",1,"40-49",1,1
"962","uk_G1_701586",3,"40-49",3,3
"963","uk_G1_701589",2,"18-29",2,2
"964","uk_G1_701590",2,"50-59",2,2
"965","uk_G1_701592",20,"40-49",20,20
"966","uk_G1_701593",3,"50-59",3,3
"967","uk_G1_701595",1,"60-69",1,1
"968","uk_G1_701596",1,"70-120",1,1
"969","uk_G1_701599",3,"70-120",3,3
"970","uk_G1_701600",3,"30-39",3,3
"971","uk_G1_701602",2,"70-120",2,2
"972","uk_G1_701603",96,"30-39",20,96
"973","uk_G1_701604",1,"40-49",1,1
"974","uk_G1_701605",8,"30-39",8,8
"975","uk_G1_701606",2,"50-59",2,2
"976","uk_G1_701608",2,"30-39",2,2
"977","uk_G1_701609",3,"18-29",3,3
"978","uk_G1_701611",1,"60-69",1,1
"979","uk_G1_701612",1,"18-29",1,1
"980","uk_G1_701613",1,"50-59",1,1
"981","uk_G1_701614",3,"30-39",3,3
"982","uk_G1_701615",5,"50-59",5,5
"983","uk_G1_701616",2,"70-120",2,2
"984","uk_G1_701617",3,"50-59",3,3
"985","uk_G1_701618",3,"18-29",3,3
"986","uk_G1_701619",233,"50-59",20,100
"987","uk_G1_701621",9,"60-69",9,9
"988","uk_G1_701623",36,"40-49",20,36
"989","uk_G1_701624",8,"50-59",8,8
"990","uk_G1_701625",108,"40-49",20,100
"991","uk_G1_701626",12,"50-59",12,12
"992","uk_G1_701628",1,"70-120",1,1
"993","uk_G1_701629",4,"18-29",4,4
"994","uk_G1_701631",3,"60-69",3,3
"995","uk_G1_701632",18,"70-120",18,18
"996","uk_G1_701633",1,"60-69",1,1
"997","uk_G1_701635",6,"40-49",6,6
"998","uk_G1_701637",1,"30-39",1,1
"999","uk_G1_701638",1,"40-49",1,1
"1000","uk_G1_701639",1,"70-120",1,1
"1001","uk_G1_701641",1,"60-69",1,1
"1002","uk_G1_701642",1,"70-120",1,1
"1003","uk_G1_701643",4,"50-59",4,4
"1004","uk_G1_701644",3,"50-59",3,3
"1005","uk_G1_701645",4,"70-120",4,4
"1006","uk_G1_701646",1,"60-69",1,1
"1007","uk_G1_701647",1,"30-39",1,1
"1008","uk_G1_701648",3,"50-59",3,3
"1009","uk_G1_701650",17,"50-59",17,17
"1010","uk_G1_701651",1,"70-120",1,1
"1011","uk_G1_701652",2,"70-120",2,2
"1012","uk_G1_701653",2,"70-120",2,2
"1013","uk_G1_701656",1,"60-69",1,1
"1014","uk_G1_701657",5,"30-39",5,5
"1015","uk_G1_701659",2,"70-120",2,2
"1016","uk_G1_701660",4,"40-49",4,4
"1017","uk_G1_701663",1,"30-39",1,1
"1018","uk_G1_701664",1,"40-49",1,1
"1019","uk_G1_701666",2,"70-120",2,2
"1020","uk_G1_701667",1,"50-59",1,1
"1021","uk_G1_701668",1,"60-69",1,1
"1022","uk_G1_701669",1,"40-49",1,1
"1023","uk_G1_701670",4,"40-49",4,4
"1024","uk_G1_701671",1,"50-59",1,1
"1025","uk_G1_701672",11,"50-59",11,11
"1026","uk_G1_701673",3,"50-59",3,3
"1027","uk_G1_701674",6,"50-59",6,6
"1028","uk_G1_701675",1,"60-69",1,1
"1029","uk_G1_701677",1,"40-49",1,1
"1030","uk_G1_701679",3,"50-59",3,3
"1031","uk_G1_701680",1,"40-49",1,1
"1032","uk_G1_701681",1,"50-59",1,1
"1033","uk_G1_701683",3,"50-59",3,3
"1034","uk_G1_701684",1,"60-69",1,1
"1035","uk_G1_701687",9,"40-49",9,9
"1036","uk_G1_701688",1,"50-59",1,1
"1037","uk_G1_701689",2,"60-69",2,2
"1038","uk_G1_701692",1,"60-69",1,1
"1039","uk_G1_701693",1,"40-49",1,1
"1040","uk_G1_701694",6,"60-69",6,6
"1041","uk_G1_701695",2,"50-59",2,2
"1042","uk_G1_701696",3,"50-59",3,3
"1043","uk_G1_701697",3,"60-69",3,3
"1044","uk_G1_701700",2,"50-59",2,2
"1045","uk_G1_701701",3,"30-39",3,3
"1046","uk_G1_701702",6,"50-59",6,6
"1047","uk_G1_701705",3,"70-120",3,3
"1048","uk_G1_701707",2,"50-59",2,2
"1049","uk_G1_701708",1,"30-39",1,1
"1050","uk_G1_701710",3,"40-49",3,3
"1051","uk_G1_701711",4,"60-69",4,4
"1052","uk_G1_701712",7,"50-59",7,7
"1053","uk_G1_701713",6,"70-120",6,6
"1054","uk_G1_701715",4,"40-49",4,4
"1055","uk_G1_701716",7,"60-69",7,7
"1056","uk_G1_701717",1,"70-120",1,1
"1057","uk_G1_701718",3,"40-49",3,3
"1058","uk_G1_701719",1,"60-69",1,1
"1059","uk_G1_701720",1,"50-59",1,1
"1060","uk_G1_701721",21,"70-120",20,21
"1061","uk_G1_701722",1,"70-120",1,1
"1062","uk_G1_701723",2,"30-39",2,2
"1063","uk_G1_701724",2,"70-120",2,2
"1064","uk_G1_701725",1,"70-120",1,1
"1065","uk_G1_701726",8,"70-120",8,8
"1066","uk_G1_701727",2,"60-69",2,2
"1067","uk_G1_701728",3,"50-59",3,3
"1068","uk_G1_701729",1,"50-59",1,1
"1069","uk_G1_701731",4,"40-49",4,4
"1070","uk_G1_701732",3,"50-59",3,3
"1071","uk_G1_701733",1,"18-29",1,1
"1072","uk_G1_701734",2,"30-39",2,2
"1073","uk_G1_701735",1,"60-69",1,1
"1074","uk_G1_701737",1,"50-59",1,1
"1075","uk_G1_701738",1,"60-69",1,1
"1076","uk_G1_701740",1,"30-39",1,1
"1077","uk_G1_701741",5,"40-49",5,5
"1078","uk_G1_701742",3,"60-69",3,3
"1079","uk_G1_701743",1,"70-120",1,1
"1080","uk_G1_701744",1,"30-39",1,1
"1081","uk_G1_701745",1,"50-59",1,1
"1082","uk_G1_701746",3,"40-49",3,3
"1083","uk_G1_701747",3,"30-39",3,3
"1084","uk_G1_701748",1,"50-59",1,1
"1085","uk_G1_701749",3,"60-69",3,3
"1086","uk_G1_701750",6,"70-120",6,6
"1087","uk_G1_701753",2,"60-69",2,2
"1088","uk_G1_701755",1,"60-69",1,1
"1089","uk_G1_701756",2,"18-29",2,2
"1090","uk_G1_701758",1,"60-69",1,1
"1091","uk_G1_701761",4,"70-120",4,4
"1092","uk_G1_701762",3,"60-69",3,3
"1093","uk_G1_701763",3,"60-69",3,3
"1094","uk_G1_701764",51,"40-49",20,51
"1095","uk_G1_701765",1,"50-59",1,1
"1096","uk_G1_701766",1,"50-59",1,1
"1097","uk_G1_701767",2,"60-69",2,2
"1098","uk_G1_701768",2,"40-49",2,2
"1099","uk_G1_701769",1,"50-59",1,1
"1100","uk_G1_701770",4,"60-69",4,4
"1101","uk_G1_701772",1,"60-69",1,1
"1102","uk_G1_701773",2,"40-49",2,2
"1103","uk_G1_701774",2,"30-39",2,2
"1104","uk_G1_701775",1,"50-59",1,1
"1105","uk_G1_701776",1,"40-49",1,1
"1106","uk_G1_701777",2,"70-120",2,2
"1107","uk_G1_701779",2,"50-59",2,2
"1108","uk_G1_701781",1,"70-120",1,1
"1109","uk_G1_701782",3,"50-59",3,3
"1110","uk_G1_701783",1,"30-39",1,1
"1111","uk_G1_701784",1,"60-69",1,1
"1112","uk_G1_701786",2,"60-69",2,2
"1113","uk_G1_701787",2,"50-59",2,2
"1114","uk_G1_701788",1,"40-49",1,1
"1115","uk_G1_701789",1,"70-120",1,1
"1116","uk_G1_701790",1,"50-59",1,1
"1117","uk_G1_701791",2,"70-120",2,2
"1118","uk_G1_701795",3,"50-59",3,3
"1119","uk_G1_701796",1,"60-69",1,1
"1120","uk_G1_701799",3,"30-39",3,3
"1121","uk_G1_701800",3,"60-69",3,3
"1122","uk_G1_701802",1,"40-49",1,1
"1123","uk_G1_701804",2,"50-59",2,2
"1124","uk_G1_701805",4,"50-59",4,4
"1125","uk_G1_701806",1,"60-69",1,1
"1126","uk_G1_701809",3,"50-59",3,3
"1127","uk_G1_701810",2,"70-120",2,2
"1128","uk_G1_701811",2,"60-69",2,2
"1129","uk_G1_701812",2,"30-39",2,2
"1130","uk_G1_701813",3,"50-59",3,3
"1131","uk_G1_701814",5,"70-120",5,5
"1132","uk_G1_701815",1,"60-69",1,1
"1133","uk_G1_701816",1,"70-120",1,1
"1134","uk_G1_701817",1,"50-59",1,1
"1135","uk_G1_701818",53,"40-49",20,53
"1136","uk_G1_701819",2,"60-69",2,2
"1137","uk_G1_701820",1,"60-69",1,1
"1138","uk_G1_701821",1,"60-69",1,1
"1139","uk_G1_701822",1,"50-59",1,1
"1140","uk_G1_701823",7,"70-120",7,7
"1141","uk_G1_701824",5,"60-69",5,5
"1142","uk_G1_701825",1,"60-69",1,1
"1143","uk_G1_701827",1,"60-69",1,1
"1144","uk_G1_701828",2,"50-59",2,2
"1145","uk_G1_701829",8,"30-39",8,8
"1146","uk_G1_701830",1,"40-49",1,1
"1147","uk_G1_701832",2,"60-69",2,2
"1148","uk_G1_701833",4,"50-59",4,4
"1149","uk_G1_701834",3,"60-69",3,3
"1150","uk_G1_701836",3,"50-59",3,3
"1151","uk_G1_701838",1,"60-69",1,1
"1152","uk_G1_701839",1,"60-69",1,1
"1153","uk_G1_701841",2,"18-29",2,2
"1154","uk_G1_701842",6,"60-69",6,6
"1155","uk_G1_701843",1,"70-120",1,1
"1156","uk_G1_701846",4,"70-120",4,4
"1157","uk_G1_701847",6,"50-59",6,6
"1158","uk_G1_701848",1,"50-59",1,1
"1159","uk_G1_701850",10,"60-69",10,10
"1160","uk_G1_701851",1,"70-120",1,1
"1161","uk_G1_701852",6,"60-69",6,6
"1162","uk_G1_701853",1,"60-69",1,1
"1163","uk_G1_701854",3,"70-120",3,3
"1164","uk_G1_701855",1,"70-120",1,1
"1165","uk_G1_701857",1,"60-69",1,1
"1166","uk_G1_701858",1,"60-69",1,1
"1167","uk_G1_701859",37,"70-120",20,37
"1168","uk_G1_701860",2,"60-69",2,2
"1169","uk_G1_701861",42,"50-59",20,42
"1170","uk_G1_701862",4,"70-120",4,4
"1171","uk_G1_701863",4,"50-59",4,4
"1172","uk_G1_701864",8,"50-59",8,8
"1173","uk_G1_701865",8,"70-120",8,8
"1174","uk_G1_701866",1,"70-120",1,1
"1175","uk_G1_701867",4,"40-49",4,4
"1176","uk_G1_701869",3,"60-69",3,3
"1177","uk_G1_701870",10,"50-59",10,10
"1178","uk_G1_701871",9,"50-59",9,9
"1179","uk_G1_701872",4,"50-59",4,4
"1180","uk_G1_701873",6,"60-69",6,6
"1181","uk_G1_701874",4,"70-120",4,4
"1182","uk_G1_701875",3,"40-49",3,3
"1183","uk_G1_701876",127,"70-120",20,100
"1184","uk_G1_701877",6,"60-69",6,6
"1185","uk_G1_701878",3,"40-49",3,3
"1186","uk_G1_701880",2,"70-120",2,2
"1187","uk_G1_701881",2,"60-69",2,2
"1188","uk_G1_701882",1,"60-69",1,1
"1189","uk_G1_701883",4,"70-120",4,4
"1190","uk_G1_701884",8,"50-59",8,8
"1191","uk_G1_701885",3,"60-69",3,3
"1192","uk_G1_701886",3,"60-69",3,3
"1193","uk_G1_701887",9,"40-49",9,9
"1194","uk_G1_701888",1,"70-120",1,1
"1195","uk_G1_701889",3,"40-49",3,3
"1196","uk_G1_701890",20,"70-120",20,20
"1197","uk_G1_701892",5,"40-49",5,5
"1198","uk_G1_701893",6,"60-69",6,6
"1199","uk_G1_701895",2,"60-69",2,2
"1200","uk_G1_701897",1,"40-49",1,1
"1201","uk_G1_701898",2,"60-69",2,2
"1202","uk_G1_701899",1,"50-59",1,1
"1203","uk_G1_701900",1,"60-69",1,1
"1204","uk_G1_701902",1,"60-69",1,1
"1205","uk_G1_701903",13,"70-120",13,13
"1206","uk_G1_701906",5,"60-69",5,5
"1207","uk_G1_701907",1,"60-69",1,1
"1208","uk_G1_701909",2,"60-69",2,2
"1209","uk_G1_701910",1,"70-120",1,1
"1210","uk_G1_701911",2,"30-39",2,2
"1211","uk_G1_701912",2,"40-49",2,2
"1212","uk_G1_701913",3,"60-69",3,3
"1213","uk_G1_701914",5,"30-39",5,5
"1214","uk_G1_701916",4,"50-59",4,4
"1215","uk_G1_701917",5,"40-49",5,5
"1216","uk_G1_701918",1,"30-39",1,1
"1217","uk_G1_701919",1,"60-69",1,1
"1218","uk_G1_701921",3,"30-39",3,3
"1219","uk_G1_701922",1,"30-39",1,1
"1220","uk_G1_701923",1,"70-120",1,1
"1221","uk_G1_701924",10,"40-49",10,10
"1222","uk_G1_701925",2,"50-59",2,2
"1223","uk_G1_701926",3,"30-39",3,3
"1224","uk_G1_701927",2,"60-69",2,2
"1225","uk_G1_701928",1,"40-49",1,1
"1226","uk_G1_701929",3,"70-120",3,3
"1227","uk_G1_701931",1,"60-69",1,1
"1228","uk_G1_701932",1,"70-120",1,1
"1229","uk_G1_701933",2,"70-120",2,2
"1230","uk_G1_701934",3,"30-39",3,3
"1231","uk_G1_701936",1,"40-49",1,1
"1232","uk_G1_701937",1,"30-39",1,1
"1233","uk_G1_701938",25,"18-29",20,25
"1234","uk_G1_701939",2,"50-59",2,2
"1235","uk_G1_701940",7,"60-69",7,7
"1236","uk_G1_701941",2,"40-49",2,2
"1237","uk_G1_701942",2,"30-39",2,2
"1238","uk_G1_701943",1,"50-59",1,1
"1239","uk_G1_701944",2,"60-69",2,2
"1240","uk_G1_701945",12,"70-120",12,12
"1241","uk_G1_701946",3,"40-49",3,3
"1242","uk_G1_701948",1,"50-59",1,1
"1243","uk_G1_701949",2,"30-39",2,2
"1244","uk_G1_701950",3,"18-29",3,3
"1245","uk_G1_701953",1,"50-59",1,1
"1246","uk_G1_701954",1,"50-59",1,1
"1247","uk_G1_701955",8,"30-39",8,8
"1248","uk_G1_701956",1,"60-69",1,1
"1249","uk_G1_701957",7,"30-39",7,7
"1250","uk_G1_701959",2,"18-29",2,2
"1251","uk_G1_701960",4,"70-120",4,4
"1252","uk_G1_701961",3,"18-29",3,3
"1253","uk_G1_701962",5,"70-120",5,5
"1254","uk_G1_701964",3,"60-69",3,3
"1255","uk_G1_701965",1,"40-49",1,1
"1256","uk_G1_701966",3,"60-69",3,3
"1257","uk_G1_701967",2,"70-120",2,2
"1258","uk_G1_701969",3,"40-49",3,3
"1259","uk_G1_701971",3,"60-69",3,3
"1260","uk_G1_701972",2,"50-59",2,2
"1261","uk_G1_701973",2,"50-59",2,2
"1262","uk_G1_701974",2,"50-59",2,2
"1263","uk_G1_701976",1,"50-59",1,1
"1264","uk_G1_701978",5,"40-49",5,5
"1265","uk_G1_701979",1,"50-59",1,1
"1266","uk_G1_701980",1,"70-120",1,1
"1267","uk_G1_701981",3,"70-120",3,3
"1268","uk_G1_701982",1,"30-39",1,1
"1269","uk_G1_701983",1,"30-39",1,1
"1270","uk_G1_701984",1,"70-120",1,1
"1271","uk_G1_701985",3,"40-49",3,3
"1272","uk_G1_701986",3,"50-59",3,3
"1273","uk_G1_701987",2,"40-49",2,2
"1274","uk_G1_701988",2,"40-49",2,2
"1275","uk_G1_701989",4,"40-49",4,4
"1276","uk_G1_701990",2,"70-120",2,2
"1277","uk_G1_701991",7,"70-120",7,7
"1278","uk_G1_701992",8,"50-59",8,8
"1279","uk_G1_701994",5,"18-29",5,5
"1280","uk_G1_701995",2,"40-49",2,2
"1281","uk_G1_701996",2,"30-39",2,2
"1282","uk_G1_701997",5,"60-69",5,5
"1283","uk_G1_701998",1,"50-59",1,1
"1284","uk_G1_702000",2,"40-49",2,2
"1285","uk_G1_702002",1,"30-39",1,1
"1286","uk_G1_702003",5,"40-49",5,5
"1287","uk_G1_702005",3,"30-39",3,3
"1288","uk_G1_702006",3,"18-29",3,3
"1289","uk_G1_702007",3,"30-39",3,3
"1290","uk_G1_702009",9,"60-69",9,9
"1291","uk_G1_702010",5,"60-69",5,5
"1292","uk_G1_702012",1,"70-120",1,1
"1293","uk_G1_702013",2,"50-59",2,2
"1294","uk_G1_702015",1,"18-29",1,1
"1295","uk_G1_702017",1,"50-59",1,1
"1296","uk_G1_702018",2,"40-49",2,2
"1297","uk_G1_702020",3,"70-120",3,3
"1298","uk_G1_702021",2,"70-120",2,2
"1299","uk_G1_702025",1,"40-49",1,1
"1300","uk_G1_702026",62,"40-49",20,62
"1301","uk_G1_702027",4,"40-49",4,4
"1302","uk_G1_702028",2,"40-49",2,2
"1303","uk_G1_702029",2,"40-49",2,2
"1304","uk_G1_702030",4,"60-69",4,4
"1305","uk_G1_702032",5,"50-59",5,5
"1306","uk_G1_702033",24,"40-49",20,24
"1307","uk_G1_702034",1,"30-39",1,1
"1308","uk_G1_702038",1,"60-69",1,1
"1309","uk_G1_702039",259,"50-59",20,100
"1310","uk_G1_702040",2,"40-49",2,2
"1311","uk_G1_702041",3,"50-59",3,3
"1312","uk_G1_702043",1,"60-69",1,1
"1313","uk_G1_702044",2,"30-39",2,2
"1314","uk_G1_702045",3,"30-39",3,3
"1315","uk_G1_702046",2,"60-69",2,2
"1316","uk_G1_702049",3,"18-29",3,3
"1317","uk_G1_702050",1,"30-39",1,1
"1318","uk_G1_702051",1,"60-69",1,1
"1319","uk_G1_702052",3,"18-29",3,3
"1320","uk_G1_702053",1,"30-39",1,1
"1321","uk_G1_702054",1,"30-39",1,1
"1322","uk_G1_702055",4,"18-29",4,4
"1323","uk_G1_702056",3,"18-29",3,3
"1324","uk_G1_702057",6,"40-49",6,6
"1325","uk_G1_702058",1,"40-49",1,1
"1326","uk_G1_702059",5,"50-59",5,5
"1327","uk_G1_702060",2,"30-39",2,2
"1328","uk_G1_702061",1,"60-69",1,1
"1329","uk_G1_702062",7,"50-59",7,7
"1330","uk_G1_702063",5,"50-59",5,5
"1331","uk_G1_702065",16,"30-39",16,16
"1332","uk_G1_702066",15,"30-39",15,15
"1333","uk_G1_702068",64,"40-49",20,64
"1334","uk_G1_702069",19,"18-29",19,19
"1335","uk_G1_702071",1,"60-69",1,1
"1336","uk_G1_702073",1,"60-69",1,1
"1337","uk_G1_702074",3,"30-39",3,3
"1338","uk_G1_702075",1,"60-69",1,1
"1339","uk_G1_702076",2,"40-49",2,2
"1340","uk_G1_702077",5,"60-69",5,5
"1341","uk_G1_702078",1,"50-59",1,1
"1342","uk_G1_702079",4,"18-29",4,4
"1343","uk_G1_702080",1,"50-59",1,1
"1344","uk_G1_702082",3,"40-49",3,3
"1345","uk_G1_702084",4,"30-39",4,4
"1346","uk_G1_702085",1,"18-29",1,1
"1347","uk_G1_702086",1,"40-49",1,1
"1348","uk_G1_702087",1,"60-69",1,1
"1349","uk_G1_702088",2,"60-69",2,2
"1350","uk_G1_702089",6,"70-120",6,6
"1351","uk_G1_702091",3,"30-39",3,3
"1352","uk_G1_702092",1,"70-120",1,1
"1353","uk_G1_702093",5,"60-69",5,5
"1354","uk_G1_702094",8,"18-29",8,8
"1355","uk_G1_702095",8,"50-59",8,8
"1356","uk_G1_702096",1,"30-39",1,1
"1357","uk_G1_702099",7,"60-69",7,7
"1358","uk_G1_702100",2,"40-49",2,2
"1359","uk_G1_702102",1,"40-49",1,1
"1360","uk_G1_702103",2,"40-49",2,2
"1361","uk_G1_702104",4,"40-49",4,4
"1362","uk_G1_702105",1,"40-49",1,1
"1363","uk_G1_702107",68,"18-29",20,68
"1364","uk_G1_702110",3,"50-59",3,3
"1365","uk_G1_702111",1,"70-120",1,1
"1366","uk_G1_702112",4,"18-29",4,4
"1367","uk_G1_702113",2,"30-39",2,2
"1368","uk_G1_702115",8,"30-39",8,8
"1369","uk_G1_702116",2,"50-59",2,2
"1370","uk_G1_702117",1,"60-69",1,1
"1371","uk_G1_702118",18,"70-120",18,18
"1372","uk_G1_702119",2,"40-49",2,2
"1373","uk_G1_702120",4,"30-39",4,4
"1374","uk_G1_702121",39,"50-59",20,39
"1375","uk_G1_702122",1,"70-120",1,1
"1376","uk_G1_702123",1,"70-120",1,1
"1377","uk_G1_702124",1,"50-59",1,1
"1378","uk_G1_702125",4,"50-59",4,4
"1379","uk_G1_702126",1,"40-49",1,1
"1380","uk_G1_702127",2,"50-59",2,2
"1381","uk_G1_702128",1,"60-69",1,1
"1382","uk_G1_702130",5,"50-59",5,5
"1383","uk_G1_702131",8,"40-49",8,8
"1384","uk_G1_702132",1,"50-59",1,1
"1385","uk_G1_702134",11,"30-39",11,11
"1386","uk_G1_702135",3,"70-120",3,3
"1387","uk_G1_702137",1,"30-39",1,1
"1388","uk_G1_702138",1,"40-49",1,1
"1389","uk_G1_702139",1,"18-29",1,1
"1390","uk_G1_702141",3,"60-69",3,3
"1391","uk_G1_702143",3,"70-120",3,3
"1392","uk_G1_702144",5,"18-29",5,5
"1393","uk_G1_702145",3,"18-29",3,3
"1394","uk_G1_702146",161,"18-29",20,100
"1395","uk_G1_702147",14,"30-39",14,14
"1396","uk_G1_702148",2,"30-39",2,2
"1397","uk_G1_702150",1,"30-39",1,1
"1398","uk_G1_702151",5,"18-29",5,5
"1399","uk_G1_702154",3,"18-29",3,3
"1400","uk_G1_702155",2,"18-29",2,2
"1401","uk_G1_702156",4,"18-29",4,4
"1402","uk_G1_702157",2,"18-29",2,2
"1403","uk_G1_702158",2,"18-29",2,2
"1404","uk_G1_702159",1,"18-29",1,1
"1405","uk_G1_702160",5,"18-29",5,5
"1406","uk_G1_702161",11,"18-29",11,11
"1407","uk_G1_702162",4,"18-29",4,4
"1408","uk_G1_702163",3,"18-29",3,3
"1409","uk_G1_702164",3,"18-29",3,3
"1410","uk_G1_702165",3,"18-29",3,3
"1411","uk_G1_702166",9,"18-29",9,9
"1412","uk_G1_702167",3,"18-29",3,3
"1413","uk_G1_702168",1,"18-29",1,1
"1414","uk_G1_702169",14,"18-29",14,14
"1415","uk_G1_702171",2,"18-29",2,2
"1416","uk_G1_702172",3,"18-29",3,3
"1417","uk_G1_702173",3,"18-29",3,3
"1418","uk_G1_702174",2,"18-29",2,2
"1419","uk_G1_702175",2,"18-29",2,2
"1420","uk_G1_702176",14,"18-29",14,14
"1421","uk_G1_702178",5,"18-29",5,5
"1422","uk_G1_702179",11,"18-29",11,11
"1423","uk_G1_702181",2,"18-29",2,2
"1424","uk_G1_702182",4,"18-29",4,4
"1425","uk_G1_702183",3,"30-39",3,3
"1426","uk_G1_702184",3,"30-39",3,3
"1427","uk_G1_702185",3,"18-29",3,3
"1428","uk_G1_702186",4,"18-29",4,4
"1429","uk_G1_702187",2,"18-29",2,2
"1430","uk_G1_702188",2,"18-29",2,2
"1431","uk_G1_702189",6,"18-29",6,6
"1432","uk_G1_702190",2,"18-29",2,2
"1433","uk_G1_702191",4,"18-29",4,4
"1434","uk_G1_702193",5,"18-29",5,5
"1435","uk_G1_702194",8,"18-29",8,8
"1436","uk_G1_702195",1,"18-29",1,1
"1437","uk_G1_702196",2,"18-29",2,2
"1438","uk_G1_702197",3,"18-29",3,3
"1439","uk_G1_702198",6,"18-29",6,6
"1440","uk_G1_702199",8,"18-29",8,8
"1441","uk_G1_702200",6,"18-29",6,6
"1442","uk_G1_702201",2,"18-29",2,2
"1443","uk_G1_702202",5,"18-29",5,5
"1444","uk_G1_702203",1,"18-29",1,1
"1445","uk_G1_702205",2,"18-29",2,2
"1446","uk_G1_702206",7,"18-29",7,7
"1447","uk_G1_702207",2,"18-29",2,2
"1448","uk_G1_702208",4,"18-29",4,4
"1449","uk_G1_702209",3,"18-29",3,3
"1450","uk_G1_702210",2,"30-39",2,2
"1451","uk_G1_702212",3,"18-29",3,3
"1452","uk_G1_702214",8,"18-29",8,8
"1453","uk_G1_702215",2,"18-29",2,2
"1454","uk_G1_702217",1,"18-29",1,1
"1455","uk_G1_702218",4,"18-29",4,4
"1456","uk_G1_702219",13,"18-29",13,13
"1457","uk_G1_702220",5,"18-29",5,5
"1458","uk_G1_702221",6,"18-29",6,6
"1459","uk_G1_702222",8,"18-29",8,8
"1460","uk_G1_702223",1,"18-29",1,1
"1461","uk_G1_702224",4,"18-29",4,4
"1462","uk_G1_702225",3,"18-29",3,3
"1463","uk_G1_702227",5,"18-29",5,5
"1464","uk_G1_702228",1,"18-29",1,1
"1465","uk_G1_702229",4,"30-39",4,4
"1466","uk_G1_702230",2,"18-29",2,2
"1467","uk_G1_702231",11,"18-29",11,11
"1468","uk_G1_702232",3,"30-39",3,3
"1469","uk_G1_702233",8,"18-29",8,8
"1470","uk_G1_702235",2,"18-29",2,2
"1471","uk_G1_702236",3,"18-29",3,3
"1472","uk_G1_702238",2,"18-29",2,2
"1473","uk_G1_702239",3,"18-29",3,3
"1474","uk_G1_702240",2,"18-29",2,2
"1475","uk_G1_702241",4,"18-29",4,4
"1476","uk_G1_702242",2,"18-29",2,2
"1477","uk_G1_702244",5,"18-29",5,5
"1478","uk_G1_702245",7,"18-29",7,7
"1479","uk_G1_702246",2,"18-29",2,2
"1480","uk_G1_702247",4,"18-29",4,4
"1481","uk_G1_702248",3,"18-29",3,3
"1482","uk_G1_702249",6,"18-29",6,6
"1483","uk_G1_702250",3,"18-29",3,3
"1484","uk_G1_702251",1,"30-39",1,1
"1485","uk_G1_702252",1,"18-29",1,1
"1486","uk_G1_702253",3,"18-29",3,3
"1487","uk_G1_702254",7,"18-29",7,7
"1488","uk_G1_702255",2,"18-29",2,2
"1489","uk_G1_702256",5,"30-39",5,5
"1490","uk_G1_702257",8,"18-29",8,8
"1491","uk_G1_702258",11,"18-29",11,11
"1492","uk_G1_702259",8,"30-39",8,8
"1493","uk_G1_702260",5,"18-29",5,5
"1494","uk_G1_702261",2,"30-39",2,2
"1495","uk_G1_702262",9,"18-29",9,9
"1496","uk_G1_702263",1,"18-29",1,1
"1497","uk_G1_702264",1,"18-29",1,1
"1498","uk_G1_702265",5,"18-29",5,5
"1499","uk_G1_702266",2,"18-29",2,2
"1500","uk_G1_702269",2,"18-29",2,2
"1501","uk_G1_702270",1,"18-29",1,1
"1502","uk_G1_702271",2,"18-29",2,2
"1503","uk_G1_702272",1,"18-29",1,1
"1504","uk_G1_702273",1,"18-29",1,1
"1505","uk_G1_702277",5,"30-39",5,5
"1506","uk_G1_702278",1,"30-39",1,1
"1507","uk_G1_702285",1,"30-39",1,1
"1508","uk_G1_702298",1,"30-39",1,1
"1509","uk_G1_702320",10,"18-29",10,10
"1510","uk_G1_702330",2,"30-39",2,2
"1511","uk_G1_702349",1,"30-39",1,1
"1512","uk_G1_702368",2,"30-39",2,2
"1513","uk_G1_702372",10,"18-29",10,10
"1514","uk_G1_702387",5,"18-29",5,5
"1515","uk_G1_702404",1,"18-29",1,1
"1516","uk_G1_702409",1,"18-29",1,1
"1517","uk_G1_702412",10,"30-39",10,10
"1518","uk_G1_702414",4,"30-39",4,4
"1519","uk_G1_702415",5,"30-39",5,5
"1520","uk_G1_702416",11,"18-29",11,11
"1521","uk_G1_702417",1,"30-39",1,1
"1522","uk_G1_702418",1,"30-39",1,1
"1523","uk_G1_702421",1,"30-39",1,1
"1524","uk_G1_702422",3,"18-29",3,3
"1525","uk_G1_702424",7,"30-39",7,7
"1526","uk_G1_702425",3,"30-39",3,3
"1527","uk_G1_702426",8,"30-39",8,8
"1528","uk_G1_702427",4,"18-29",4,4
"1529","uk_G1_702428",13,"30-39",13,13
"1530","uk_G1_702429",3,"30-39",3,3
"1531","uk_G1_702430",3,"30-39",3,3
"1532","uk_G1_702431",23,"30-39",20,23
"1533","uk_G1_702432",1,"30-39",1,1
"1534","uk_G1_702434",1,"30-39",1,1
"1535","uk_G1_702435",2,"18-29",2,2
"1536","uk_G1_702436",4,"30-39",4,4
"1537","uk_G1_702437",5,"30-39",5,5
"1538","uk_G1_702438",8,"70-120",8,8
"1539","uk_G1_702439",4,"30-39",4,4
"1540","uk_G1_702441",3,"18-29",3,3
"1541","uk_G1_702442",3,"30-39",3,3
"1542","uk_G1_702443",1212,"30-39",20,100
"1543","uk_G1_702444",10,"30-39",10,10
"1544","uk_G1_702445",3,"18-29",3,3
"1545","uk_G1_702447",3,"30-39",3,3
"1546","uk_G1_702448",3,"30-39",3,3
"1547","uk_G1_702449",4,"30-39",4,4
"1548","uk_G1_702450",2,"30-39",2,2
"1549","uk_G1_702451",1,"18-29",1,1
"1550","uk_G1_702452",3,"30-39",3,3
"1551","uk_G1_702453",7,"18-29",7,7
"1552","uk_G1_702454",2,"30-39",2,2
"1553","uk_G1_702455",11,"30-39",11,11
"1554","uk_G1_702457",1,"30-39",1,1
"1555","uk_G1_702458",3,"30-39",3,3
"1556","uk_G1_702459",8,"30-39",8,8
"1557","uk_G1_702460",4,"30-39",4,4
"1558","uk_G1_702461",1,"30-39",1,1
"1559","uk_G1_702463",3,"30-39",3,3
"1560","uk_G1_702464",1,"30-39",1,1
"1561","uk_G1_702465",3,"30-39",3,3
"1562","uk_G1_702466",2,"30-39",2,2
"1563","uk_G1_702467",4,"18-29",4,4
"1564","uk_G1_702468",5,"30-39",5,5
"1565","uk_G1_702469",3,"30-39",3,3
"1566","uk_G1_702470",3,"30-39",3,3
"1567","uk_G1_702471",2,"18-29",2,2
"1568","uk_G1_702472",6,"18-29",6,6
"1569","uk_G1_702473",4,"30-39",4,4
"1570","uk_G1_702474",2,"18-29",2,2
"1571","uk_G1_702475",112,"30-39",20,100
"1572","uk_G1_702476",1,"18-29",1,1
"1573","uk_G1_702477",1,"30-39",1,1
"1574","uk_G1_702479",2,"30-39",2,2
"1575","uk_G1_702480",71,"30-39",20,71
"1576","uk_G1_702481",1,"18-29",1,1
"1577","uk_G1_702484",2,"30-39",2,2
"1578","uk_G1_702485",3,"30-39",3,3
"1579","uk_G1_702486",9,"30-39",9,9
"1580","uk_G1_702488",3,"30-39",3,3
"1581","uk_G1_702489",1,"30-39",1,1
"1582","uk_G1_702490",3,"30-39",3,3
"1583","uk_G1_702491",2,"30-39",2,2
"1584","uk_G1_702492",1,"18-29",1,1
"1585","uk_G1_702494",8,"18-29",8,8
"1586","uk_G1_702495",1,"30-39",1,1
"1587","uk_G1_702496",3,"30-39",3,3
"1588","uk_G1_702497",5,"30-39",5,5
"1589","uk_G1_702501",4,"30-39",4,4
"1590","uk_G1_702502",6,"18-29",6,6
"1591","uk_G1_702503",8,"30-39",8,8
"1592","uk_G1_702505",3,"30-39",3,3
"1593","uk_G1_702506",5,"30-39",5,5
"1594","uk_G1_702507",3,"18-29",3,3
"1595","uk_G1_702508",1,"18-29",1,1
"1596","uk_G1_702509",2,"30-39",2,2
"1597","uk_G1_702510",4,"50-59",4,4
"1598","uk_G1_702511",1,"60-69",1,1
"1599","uk_G1_702512",2,"50-59",2,2
"1600","uk_G1_702513",2,"60-69",2,2
"1601","uk_G1_702514",2,"50-59",2,2
"1602","uk_G1_702515",40,"50-59",20,40
"1603","uk_G1_702516",5,"18-29",5,5
"1604","uk_G1_702517",2,"50-59",2,2
"1605","uk_G1_702518",3,"30-39",3,3
"1606","uk_G1_702519",3,"50-59",3,3
"1607","uk_G1_702520",1,"50-59",1,1
"1608","uk_G1_702521",1,"60-69",1,1
"1609","uk_G1_702522",1,"60-69",1,1
"1610","uk_G1_702523",8,"18-29",8,8
"1611","uk_G1_702525",1,"50-59",1,1
"1612","uk_G1_702526",1,"50-59",1,1
"1613","uk_G1_702527",11,"50-59",11,11
"1614","uk_G1_702528",2,"50-59",2,2
"1615","uk_G1_702529",4,"40-49",4,4
"1616","uk_G1_702530",3,"40-49",3,3
"1617","uk_G1_702531",1,"40-49",1,1
"1618","uk_G1_702532",3,"50-59",3,3
"1619","uk_G1_702533",3,"60-69",3,3
"1620","uk_G1_702534",1,"60-69",1,1
"1621","uk_G1_702535",4,"50-59",4,4
"1622","uk_G1_702537",4,"50-59",4,4
"1623","uk_G1_702539",1,"50-59",1,1
"1624","uk_G1_702540",3,"60-69",3,3
"1625","uk_G1_702542",3,"40-49",3,3
"1626","uk_G1_702544",4,"60-69",4,4
"1627","uk_G1_702545",4,"50-59",4,4
"1628","uk_G1_702546",1,"50-59",1,1
"1629","uk_G1_702547",1,"30-39",1,1
"1630","uk_G1_702548",4,"30-39",4,4
"1631","uk_G1_702549",20,"18-29",20,20
"1632","uk_G1_702550",3,"50-59",3,3
"1633","uk_G1_702551",1,"50-59",1,1
"1634","uk_G1_702552",54,"30-39",20,54
"1635","uk_G1_702553",3,"60-69",3,3
"1636","uk_G1_702554",2,"50-59",2,2
"1637","uk_G1_702555",2,"60-69",2,2
"1638","uk_G1_702556",2,"60-69",2,2
"1639","uk_G1_702557",3,"50-59",3,3
"1640","uk_G1_702558",2,"60-69",2,2
"1641","uk_G1_702561",2,"30-39",2,2
"1642","uk_G1_702562",6,"40-49",6,6
"1643","uk_G1_702563",3,"50-59",3,3
"1644","uk_G1_702565",3,"50-59",3,3
"1645","uk_G1_702566",1,"50-59",1,1
"1646","uk_G1_702567",9,"40-49",9,9
"1647","uk_G1_702568",2,"60-69",2,2
"1648","uk_G1_702569",3,"30-39",3,3
"1649","uk_G1_702570",1,"60-69",1,1
"1650","uk_G1_702571",8,"30-39",8,8
"1651","uk_G1_702572",2,"50-59",2,2
"1652","uk_G1_702573",3,"40-49",3,3
"1653","uk_G1_702574",1,"18-29",1,1
"1654","uk_G1_702575",15,"50-59",15,15
"1655","uk_G1_702577",8,"30-39",8,8
"1656","uk_G1_702578",4,"50-59",4,4
"1657","uk_G1_702579",1,"50-59",1,1
"1658","uk_G1_702580",11,"40-49",11,11
"1659","uk_G1_702581",2,"60-69",2,2
"1660","uk_G1_702582",1,"60-69",1,1
"1661","uk_G1_702583",1,"18-29",1,1
"1662","uk_G1_702584",12,"30-39",12,12
"1663","uk_G1_702585",3,"50-59",3,3
"1664","uk_G1_702586",2,"40-49",2,2
"1665","uk_G1_702587",2,"30-39",2,2
"1666","uk_G1_702588",3,"60-69",3,3
"1667","uk_G1_702589",2,"50-59",2,2
"1668","uk_G1_702590",4,"40-49",4,4
"1669","uk_G1_702591",1,"50-59",1,1
"1670","uk_G1_702592",60,"50-59",20,60
"1671","uk_G1_702593",1,"50-59",1,1
"1672","uk_G1_702594",1,"30-39",1,1
"1673","uk_G1_702596",3,"50-59",3,3
"1674","uk_G1_702598",3,"30-39",3,3
"1675","uk_G1_702599",2,"30-39",2,2
"1676","uk_G1_702600",5,"18-29",5,5
"1677","uk_G1_702602",1,"50-59",1,1
"1678","uk_G1_702603",4,"50-59",4,4
"1679","uk_G1_702605",3,"60-69",3,3
"1680","uk_G1_702606",2,"18-29",2,2
"1681","uk_G1_702607",1,"18-29",1,1
"1682","uk_G1_702609",2,"40-49",2,2
"1683","uk_G1_702610",4,"60-69",4,4
"1684","uk_G1_702611",5,"70-120",5,5
"1685","uk_G1_702612",1,"60-69",1,1
"1686","uk_G1_702613",2,"60-69",2,2
"1687","uk_G1_702615",2,"60-69",2,2
"1688","uk_G1_702616",1,"60-69",1,1
"1689","uk_G1_702617",1,"30-39",1,1
"1690","uk_G1_702618",1,"50-59",1,1
"1691","uk_G1_702621",9,"50-59",9,9
"1692","uk_G1_702622",2,"18-29",2,2
"1693","uk_G1_702625",1,"60-69",1,1
"1694","uk_G1_702626",4,"50-59",4,4
"1695","uk_G1_702627",1,"50-59",1,1
"1696","uk_G1_702628",2,"40-49",2,2
"1697","uk_G1_702631",2,"60-69",2,2
"1698","uk_G1_702632",1,"60-69",1,1
"1699","uk_G1_702633",3,"60-69",3,3
"1700","uk_G1_702634",4,"70-120",4,4
"1701","uk_G1_702635",1,"30-39",1,1
"1702","uk_G1_702636",1,"60-69",1,1
"1703","uk_G1_702637",12,"50-59",12,12
"1704","uk_G1_702638",1,"40-49",1,1
"1705","uk_G1_702639",1,"70-120",1,1
"1706","uk_G1_702640",5,"60-69",5,5
"1707","uk_G1_702641",3,"50-59",3,3
"1708","uk_G1_702643",29,"50-59",20,29
"1709","uk_G1_702645",3,"40-49",3,3
"1710","uk_G1_702646",1,"30-39",1,1
"1711","uk_G1_702647",1,"30-39",1,1
"1712","uk_G1_702649",4,"60-69",4,4
"1713","uk_G1_702650",2,"50-59",2,2
"1714","uk_G1_702651",1,"60-69",1,1
"1715","uk_G1_702656",4,"60-69",4,4
"1716","uk_G1_702657",3,"40-49",3,3
"1717","uk_G1_702658",16,"60-69",16,16
"1718","uk_G1_702659",1,"40-49",1,1
"1719","uk_G1_702660",2,"50-59",2,2
"1720","uk_G1_702661",74,"40-49",20,74
"1721","uk_G1_702662",3,"40-49",3,3
"1722","uk_G1_702663",6,"40-49",6,6
"1723","uk_G1_702664",5,"60-69",5,5
"1724","uk_G1_702665",5,"50-59",5,5
"1725","uk_G1_702666",2,"60-69",2,2
"1726","uk_G1_702667",20,"40-49",20,20
"1727","uk_G1_702669",3,"60-69",3,3
"1728","uk_G1_702670",201,"30-39",20,100
"1729","uk_G1_702671",2,"50-59",2,2
"1730","uk_G1_702675",4,"30-39",4,4
"1731","uk_G1_702676",1,"40-49",1,1
"1732","uk_G1_702677",3,"40-49",3,3
"1733","uk_G1_702678",6,"30-39",6,6
"1734","uk_G1_702679",2,"40-49",2,2
"1735","uk_G1_702680",1,"50-59",1,1
"1736","uk_G1_702681",8,"40-49",8,8
"1737","uk_G1_702682",1,"60-69",1,1
"1738","uk_G1_702683",1,"60-69",1,1
"1739","uk_G1_702684",17,"40-49",17,17
"1740","uk_G1_702685",3,"30-39",3,3
"1741","uk_G1_702686",1,"60-69",1,1
"1742","uk_G1_702688",1,"40-49",1,1
"1743","uk_G1_702689",2,"60-69",2,2
"1744","uk_G1_702690",27,"30-39",20,27
"1745","uk_G1_702691",3,"30-39",3,3
"1746","uk_G1_702692",12,"50-59",12,12
"1747","uk_G1_702694",1,"70-120",1,1
"1748","uk_G1_702695",10,"40-49",10,10
"1749","uk_G1_702696",1,"70-120",1,1
"1750","uk_G1_702697",1,"60-69",1,1
"1751","uk_G1_702700",2,"30-39",2,2
"1752","uk_G1_702701",1,"40-49",1,1
"1753","uk_G1_702702",3,"60-69",3,3
"1754","uk_G1_702703",4,"70-120",4,4
"1755","uk_G1_702704",5,"70-120",5,5
"1756","uk_G1_702705",2,"60-69",2,2
"1757","uk_G1_702706",1,"60-69",1,1
"1758","uk_G1_702707",1,"60-69",1,1
"1759","uk_G1_702708",1,"60-69",1,1
"1760","uk_G1_702709",5,"70-120",5,5
"1761","uk_G1_702710",1,"70-120",1,1
"1762","uk_G1_702711",2,"30-39",2,2
"1763","uk_G1_702712",1,"40-49",1,1
"1764","uk_G1_702713",3,"60-69",3,3
"1765","uk_G1_702714",13,"60-69",13,13
"1766","uk_G1_702716",1,"60-69",1,1
"1767","uk_G1_702717",4,"70-120",4,4
"1768","uk_G1_702718",8,"50-59",8,8
"1769","uk_G1_702719",1,"70-120",1,1
"1770","uk_G1_702720",1,"70-120",1,1
"1771","uk_G1_702722",14,"50-59",14,14
"1772","uk_G1_702723",5,"50-59",5,5
"1773","uk_G1_702724",2,"40-49",2,2
"1774","uk_G1_702725",1,"60-69",1,1
"1775","uk_G1_702726",3,"60-69",3,3
"1776","uk_G1_702727",1,"70-120",1,1
"1777","uk_G1_702728",1,"70-120",1,1
"1778","uk_G1_702729",3,"30-39",3,3
"1779","uk_G1_702730",2,"30-39",2,2
"1780","uk_G1_702731",1,"50-59",1,1
"1781","uk_G1_702733",8,"50-59",8,8
"1782","uk_G1_702734",2,"60-69",2,2
"1783","uk_G1_702735",8,"50-59",8,8
"1784","uk_G1_702736",2,"60-69",2,2
"1785","uk_G1_702737",1,"30-39",1,1
"1786","uk_G1_702739",2,"40-49",2,2
"1787","uk_G1_702740",7,"70-120",7,7
"1788","uk_G1_702741",3,"40-49",3,3
"1789","uk_G1_702743",2,"60-69",2,2
"1790","uk_G1_702744",3,"40-49",3,3
"1791","uk_G1_702745",2,"30-39",2,2
"1792","uk_G1_702746",6,"70-120",6,6
"1793","uk_G1_702747",4,"70-120",4,4
"1794","uk_G1_702748",6,"40-49",6,6
"1795","uk_G1_702749",1,"70-120",1,1
"1796","uk_G1_702751",12,"50-59",12,12
"1797","uk_G1_702752",1,"40-49",1,1
"1798","uk_G1_702753",1,"50-59",1,1
"1799","uk_G1_702754",1,"70-120",1,1
"1800","uk_G1_702755",6,"60-69",6,6
"1801","uk_G1_702757",1,"40-49",1,1
"1802","uk_G1_702758",1,"30-39",1,1
"1803","uk_G1_702759",2,"30-39",2,2
"1804","uk_G1_702761",4,"60-69",4,4
"1805","uk_G1_702762",7,"60-69",7,7
"1806","uk_G1_702763",1,"60-69",1,1
"1807","uk_G1_702764",3,"30-39",3,3
"1808","uk_G1_702766",6,"18-29",6,6
"1809","uk_G1_702767",4,"30-39",4,4
"1810","uk_G1_702768",3,"18-29",3,3
"1811","uk_G1_702769",5,"30-39",5,5
"1812","uk_G1_702770",2,"30-39",2,2
"1813","uk_G1_702771",6,"30-39",6,6
"1814","uk_G1_702772",6,"30-39",6,6
"1815","uk_G1_702773",4,"30-39",4,4
"1816","uk_G1_702775",1,"18-29",1,1
"1817","uk_G1_702776",3,"30-39",3,3
"1818","uk_G1_702777",1,"30-39",1,1
"1819","uk_G1_702778",1,"30-39",1,1
"1820","uk_G1_702779",7,"18-29",7,7
"1821","uk_G1_702780",1,"18-29",1,1
"1822","uk_G1_702781",2,"30-39",2,2
"1823","uk_G1_702783",3,"30-39",3,3
"1824","uk_G1_702784",1,"30-39",1,1
"1825","uk_G1_702785",1,"30-39",1,1
"1826","uk_G1_702786",2,"18-29",2,2
"1827","uk_G1_702787",2,"30-39",2,2
"1828","uk_G1_702789",2,"18-29",2,2
"1829","uk_G1_702790",3,"30-39",3,3
"1830","uk_G1_702791",6,"18-29",6,6
"1831","uk_G1_702792",3,"30-39",3,3
"1832","uk_G1_702794",2,"30-39",2,2
"1833","uk_G1_702795",3,"18-29",3,3
"1834","uk_G1_702797",11,"30-39",11,11
"1835","uk_G1_702799",2,"18-29",2,2
"1836","uk_G1_702800",1,"30-39",1,1
"1837","uk_G1_702802",2,"18-29",2,2
"1838","uk_G1_702803",1,"30-39",1,1
"1839","uk_G1_702804",3,"30-39",3,3
"1840","uk_G1_702805",3,"18-29",3,3
"1841","uk_G1_702806",1,"30-39",1,1
"1842","uk_G1_702807",1,"30-39",1,1
"1843","uk_G1_702808",7,"30-39",7,7
"1844","uk_G1_702810",6,"30-39",6,6
"1845","uk_G1_702811",3,"30-39",3,3
"1846","uk_G1_702812",2,"30-39",2,2
"1847","uk_G1_702814",5,"18-29",5,5
"1848","uk_G1_702815",2,"30-39",2,2
"1849","uk_G1_702816",3,"30-39",3,3
"1850","uk_G1_702817",2,"30-39",2,2
"1851","uk_G1_702818",2,"18-29",2,2
"1852","uk_G1_702819",7,"18-29",7,7
"1853","uk_G1_702820",1,"30-39",1,1
"1854","uk_G1_702821",2,"30-39",2,2
"1855","uk_G1_702822",1,"18-29",1,1
"1856","uk_G1_702823",3,"30-39",3,3
"1857","uk_G1_702824",2,"30-39",2,2
"1858","uk_G1_702825",2,"30-39",2,2
"1859","uk_G1_702826",4,"30-39",4,4
"1860","uk_G1_702827",2,"30-39",2,2
"1861","uk_G1_702828",1,"30-39",1,1
"1862","uk_G1_702830",3,"30-39",3,3
"1863","uk_G1_702831",4,"40-49",4,4
"1864","uk_G1_702832",2,"18-29",2,2
"1865","uk_G1_702833",1,"18-29",1,1
"1866","uk_G1_702834",1,"18-29",1,1
"1867","uk_G1_702835",1,"30-39",1,1
"1868","uk_G1_702839",6,"30-39",6,6
"1869","uk_G1_702841",2,"18-29",2,2
"1870","uk_G1_702842",15,"30-39",15,15
"1871","uk_G1_702843",3,"30-39",3,3
"1872","uk_G1_702845",3,"30-39",3,3
"1873","uk_G1_702846",3,"30-39",3,3
"1874","uk_G1_702847",1,"40-49",1,1
"1875","uk_G1_702848",1,"60-69",1,1
"1876","uk_G1_702849",4,"40-49",4,4
"1877","uk_G1_702851",3,"40-49",3,3
"1878","uk_G1_702855",1,"40-49",1,1
"1879","uk_G1_702856",1,"40-49",1,1
"1880","uk_G1_702857",1,"70-120",1,1
"1881","uk_G1_702858",1,"60-69",1,1
"1882","uk_G1_702859",10,"60-69",10,10
"1883","uk_G1_702860",2,"40-49",2,2
"1884","uk_G1_702861",9,"70-120",9,9
"1885","uk_G1_702862",3,"70-120",3,3
"1886","uk_G1_702863",1,"60-69",1,1
"1887","uk_G1_702864",2,"60-69",2,2
"1888","uk_G1_702865",2,"60-69",2,2
"1889","uk_G1_702866",1,"50-59",1,1
"1890","uk_G1_702867",2,"70-120",2,2
"1891","uk_G1_702870",2,"70-120",2,2
"1892","uk_G1_702871",2,"40-49",2,2
"1893","uk_G1_702874",1,"70-120",1,1
"1894","uk_G1_702876",1,"60-69",1,1
"1895","uk_G1_702878",1,"60-69",1,1
"1896","uk_G1_702879",3,"60-69",3,3
"1897","uk_G1_702881",2,"60-69",2,2
"1898","uk_G1_702882",1,"70-120",1,1
"1899","uk_G1_702883",1,"50-59",1,1
"1900","uk_G1_702885",1,"60-69",1,1
"1901","uk_G1_702886",2,"50-59",2,2
"1902","uk_G1_702887",1,"60-69",1,1
"1903","uk_G1_702888",1,"70-120",1,1
"1904","uk_G1_702889",4,"60-69",4,4
"1905","uk_G1_702890",1,"50-59",1,1
"1906","uk_G1_702891",3,"60-69",3,3
"1907","uk_G1_702892",1,"70-120",1,1
"1908","uk_G1_702893",1,"70-120",1,1
"1909","uk_G1_702894",1,"70-120",1,1
"1910","uk_G1_702895",1,"70-120",1,1
"1911","uk_G1_702896",7,"30-39",7,7
"1912","uk_G1_702898",23,"60-69",20,23
"1913","uk_G1_702900",5,"70-120",5,5
"1914","uk_G1_702901",1,"50-59",1,1
"1915","uk_G1_702902",4,"50-59",4,4
"1916","uk_G1_702903",1,"70-120",1,1
"1917","uk_G1_702904",64,"70-120",20,64
"1918","uk_G1_702905",7,"40-49",7,7
"1919","uk_G1_702906",1,"60-69",1,1
"1920","uk_G1_702907",1,"30-39",1,1
"1921","uk_G1_702908",3,"60-69",3,3
"1922","uk_G1_702909",2,"70-120",2,2
"1923","uk_G1_702911",1,"70-120",1,1
"1924","uk_G1_702914",2,"70-120",2,2
"1925","uk_G1_702915",1,"60-69",1,1
"1926","uk_G1_702916",2,"70-120",2,2
"1927","uk_G1_702917",1,"60-69",1,1
"1928","uk_G1_702918",3,"60-69",3,3
"1929","uk_G1_702919",5,"50-59",5,5
"1930","uk_G1_702921",2,"70-120",2,2
"1931","uk_G1_702922",2,"30-39",2,2
"1932","uk_G1_702923",4,"40-49",4,4
"1933","uk_G1_702925",5,"60-69",5,5
"1934","uk_G1_702926",1,"60-69",1,1
"1935","uk_G1_702930",9,"30-39",9,9
"1936","uk_G1_702932",1,"50-59",1,1
"1937","uk_G1_702933",1,"70-120",1,1
"1938","uk_G1_702934",1,"70-120",1,1
"1939","uk_G1_702935",1,"60-69",1,1
"1940","uk_G1_702936",1,"70-120",1,1
"1941","uk_G1_702938",3,"70-120",3,3
"1942","uk_G1_702939",1,"50-59",1,1
"1943","uk_G1_702940",1,"70-120",1,1
"1944","uk_G1_702941",10,"70-120",10,10
"1945","uk_G1_702943",2,"40-49",2,2
"1946","uk_G1_702944",3,"50-59",3,3
"1947","uk_G1_702945",4,"70-120",4,4
"1948","uk_G1_702948",4,"50-59",4,4
"1949","uk_G1_702949",1,"70-120",1,1
"1950","uk_G1_702950",4,"40-49",4,4
"1951","uk_G1_702951",1,"40-49",1,1
"1952","uk_G1_702953",2,"60-69",2,2
"1953","uk_G1_702954",1,"70-120",1,1
"1954","uk_G1_702955",1,"70-120",1,1
"1955","uk_G1_702956",1,"70-120",1,1
"1956","uk_G1_702957",1,"60-69",1,1
"1957","uk_G1_702958",4,"60-69",4,4
"1958","uk_G1_702960",57,"30-39",20,57
"1959","uk_G1_702964",1,"70-120",1,1
"1960","uk_G1_702965",4,"40-49",4,4
"1961","uk_G1_702967",1,"60-69",1,1
"1962","uk_G1_702968",4,"60-69",4,4
"1963","uk_G1_702969",2,"40-49",2,2
"1964","uk_G1_702970",2,"60-69",2,2
"1965","uk_G1_702971",2,"60-69",2,2
"1966","uk_G1_702973",1,"60-69",1,1
"1967","uk_G1_702977",1,"70-120",1,1
"1968","uk_G1_702978",1,"30-39",1,1
"1969","uk_G1_702979",2,"70-120",2,2
"1970","uk_G1_702980",2,"60-69",2,2
"1971","uk_G1_702981",5,"60-69",5,5
"1972","uk_G1_702982",9,"60-69",9,9
"1973","uk_G1_702983",2,"60-69",2,2
"1974","uk_G1_702984",5,"60-69",5,5
"1975","uk_G1_702985",4,"60-69",4,4
"1976","uk_G1_702986",10,"40-49",10,10
"1977","uk_G1_702988",1,"60-69",1,1
"1978","uk_G1_702991",1,"60-69",1,1
"1979","uk_G1_702992",2,"30-39",2,2
"1980","uk_G1_702993",6,"60-69",6,6
"1981","uk_G1_702994",6,"50-59",6,6
"1982","uk_G1_702996",4,"30-39",4,4
"1983","uk_G1_702997",4,"18-29",4,4
"1984","uk_G1_702998",1,"30-39",1,1
"1985","uk_G1_702999",6,"40-49",6,6
"1986","uk_G1_703000",2,"30-39",2,2
"1987","uk_G1_700004",0,"60-69",0,0
"1988","uk_G1_700011",0,"30-39",0,0
"1989","uk_G1_700025",0,"40-49",0,0
"1990","uk_G1_700030",0,"60-69",0,0
"1991","uk_G1_700052",0,"60-69",0,0
"1992","uk_G1_700062",0,"18-29",0,0
"1993","uk_G1_700063",0,"50-59",0,0
"1994","uk_G1_700064",0,"18-29",0,0
"1995","uk_G1_700066",0,"30-39",0,0
"1996","uk_G1_700068",0,"50-59",0,0
"1997","uk_G1_700070",0,"60-69",0,0
"1998","uk_G1_700107",0,"60-69",0,0
"1999","uk_G1_700109",0,"60-69",0,0
"2000","uk_G1_700129",0,"30-39",0,0
"2001","uk_G1_700142",0,"60-69",0,0
"2002","uk_G1_700144",0,"40-49",0,0
"2003","uk_G1_700162",0,"50-59",0,0
"2004","uk_G1_700166",0,"30-39",0,0
"2005","uk_G1_700171",0,"30-39",0,0
"2006","uk_G1_700189",0,"30-39",0,0
"2007","uk_G1_700192",0,"40-49",0,0
"2008","uk_G1_700193",0,"50-59",0,0
"2009","uk_G1_700197",0,"70-120",0,0
"2010","uk_G1_700202",0,"30-39",0,0
"2011","uk_G1_700213",0,"50-59",0,0
"2012","uk_G1_700218",0,"60-69",0,0
"2013","uk_G1_700231",0,"60-69",0,0
"2014","uk_G1_700238",0,"18-29",0,0
"2015","uk_G1_700246",0,"70-120",0,0
"2016","uk_G1_700262",0,"50-59",0,0
"2017","uk_G1_700264",0,"18-29",0,0
"2018","uk_G1_700266",0,"50-59",0,0
"2019","uk_G1_700271",0,"18-29",0,0
"2020","uk_G1_700272",0,"40-49",0,0
"2021","uk_G1_700287",0,"50-59",0,0
"2022","uk_G1_700292",0,"40-49",0,0
"2023","uk_G1_700309",0,"50-59",0,0
"2024","uk_G1_700320",0,"30-39",0,0
"2025","uk_G1_700321",0,"50-59",0,0
"2026","uk_G1_700342",0,"50-59",0,0
"2027","uk_G1_700347",0,"70-120",0,0
"2028","uk_G1_700358",0,"50-59",0,0
"2029","uk_G1_700361",0,"30-39",0,0
"2030","uk_G1_700369",0,"70-120",0,0
"2031","uk_G1_700370",0,"60-69",0,0
"2032","uk_G1_700371",0,"60-69",0,0
"2033","uk_G1_700375",0,"30-39",0,0
"2034","uk_G1_700379",0,"50-59",0,0
"2035","uk_G1_700386",0,"60-69",0,0
"2036","uk_G1_700388",0,"50-59",0,0
"2037","uk_G1_700390",0,"50-59",0,0
"2038","uk_G1_700400",0,"50-59",0,0
"2039","uk_G1_700402",0,"40-49",0,0
"2040","uk_G1_700411",0,"30-39",0,0
"2041","uk_G1_700417",0,"60-69",0,0
"2042","uk_G1_700429",0,"50-59",0,0
"2043","uk_G1_700432",0,"60-69",0,0
"2044","uk_G1_700433",0,"60-69",0,0
"2045","uk_G1_700440",0,"30-39",0,0
"2046","uk_G1_700450",0,"40-49",0,0
"2047","uk_G1_700451",0,"60-69",0,0
"2048","uk_G1_700452",0,"50-59",0,0
"2049","uk_G1_700453",0,"30-39",0,0
"2050","uk_G1_700466",0,"30-39",0,0
"2051","uk_G1_700467",0,"70-120",0,0
"2052","uk_G1_700476",0,"70-120",0,0
"2053","uk_G1_700494",0,"18-29",0,0
"2054","uk_G1_700515",0,"70-120",0,0
"2055","uk_G1_700518",0,"40-49",0,0
"2056","uk_G1_700520",0,"30-39",0,0
"2057","uk_G1_700528",0,"40-49",0,0
"2058","uk_G1_700533",0,"40-49",0,0
"2059","uk_G1_700535",0,"60-69",0,0
"2060","uk_G1_700557",0,"50-59",0,0
"2061","uk_G1_700564",0,"60-69",0,0
"2062","uk_G1_700580",0,"60-69",0,0
"2063","uk_G1_700585",0,"18-29",0,0
"2064","uk_G1_700588",0,"70-120",0,0
"2065","uk_G1_700601",0,"60-69",0,0
"2066","uk_G1_700614",0,"60-69",0,0
"2067","uk_G1_700620",0,"60-69",0,0
"2068","uk_G1_700623",0,"60-69",0,0
"2069","uk_G1_700634",0,"70-120",0,0
"2070","uk_G1_700768",0,"50-59",0,0
"2071","uk_G1_700782",0,"30-39",0,0
"2072","uk_G1_700805",0,"30-39",0,0
"2073","uk_G1_700809",0,"18-29",0,0
"2074","uk_G1_700822",0,"30-39",0,0
"2075","uk_G1_700839",0,"40-49",0,0
"2076","uk_G1_700840",0,"50-59",0,0
"2077","uk_G1_700847",0,"30-39",0,0
"2078","uk_G1_700853",0,"40-49",0,0
"2079","uk_G1_700860",0,"50-59",0,0
"2080","uk_G1_700861",0,"30-39",0,0
"2081","uk_G1_700879",0,"60-69",0,0
"2082","uk_G1_700883",0,"40-49",0,0
"2083","uk_G1_700886",0,"50-59",0,0
"2084","uk_G1_700902",0,"70-120",0,0
"2085","uk_G1_700912",0,"40-49",0,0
"2086","uk_G1_700929",0,"60-69",0,0
"2087","uk_G1_700956",0,"60-69",0,0
"2088","uk_G1_700960",0,"40-49",0,0
"2089","uk_G1_700974",0,"30-39",0,0
"2090","uk_G1_700977",0,"60-69",0,0
"2091","uk_G1_700978",0,"40-49",0,0
"2092","uk_G1_700990",0,"50-59",0,0
"2093","uk_G1_700995",0,"40-49",0,0
"2094","uk_G1_700998",0,"60-69",0,0
"2095","uk_G1_701006",0,"60-69",0,0
"2096","uk_G1_701008",0,"50-59",0,0
"2097","uk_G1_701016",0,"60-69",0,0
"2098","uk_G1_701017",0,"40-49",0,0
"2099","uk_G1_701023",0,"50-59",0,0
"2100","uk_G1_701031",0,"50-59",0,0
"2101","uk_G1_701032",0,"30-39",0,0
"2102","uk_G1_701035",0,"70-120",0,0
"2103","uk_G1_701042",0,"30-39",0,0
"2104","uk_G1_701043",0,"18-29",0,0
"2105","uk_G1_701045",0,"18-29",0,0
"2106","uk_G1_701057",0,"70-120",0,0
"2107","uk_G1_701060",0,"40-49",0,0
"2108","uk_G1_701061",0,"60-69",0,0
"2109","uk_G1_701064",0,"40-49",0,0
"2110","uk_G1_701065",0,"40-49",0,0
"2111","uk_G1_701068",0,"30-39",0,0
"2112","uk_G1_701089",0,"50-59",0,0
"2113","uk_G1_701090",0,"60-69",0,0
"2114","uk_G1_701091",0,"50-59",0,0
"2115","uk_G1_701094",0,"40-49",0,0
"2116","uk_G1_701096",0,"60-69",0,0
"2117","uk_G1_701101",0,"50-59",0,0
"2118","uk_G1_701103",0,"70-120",0,0
"2119","uk_G1_701110",0,"50-59",0,0
"2120","uk_G1_701113",0,"60-69",0,0
"2121","uk_G1_701120",0,"60-69",0,0
"2122","uk_G1_701125",0,"70-120",0,0
"2123","uk_G1_701131",0,"70-120",0,0
"2124","uk_G1_701132",0,"70-120",0,0
"2125","uk_G1_701135",0,"60-69",0,0
"2126","uk_G1_701136",0,"40-49",0,0
"2127","uk_G1_701137",0,"30-39",0,0
"2128","uk_G1_701142",0,"70-120",0,0
"2129","uk_G1_701149",0,"30-39",0,0
"2130","uk_G1_701156",0,"18-29",0,0
"2131","uk_G1_701170",0,"18-29",0,0
"2132","uk_G1_701174",0,"18-29",0,0
"2133","uk_G1_701175",0,"18-29",0,0
"2134","uk_G1_701182",0,"18-29",0,0
"2135","uk_G1_701183",0,"18-29",0,0
"2136","uk_G1_701272",0,"18-29",0,0
"2137","uk_G1_701275",0,"18-29",0,0
"2138","uk_G1_701304",0,"18-29",0,0
"2139","uk_G1_701317",0,"18-29",0,0
"2140","uk_G1_701370",0,"18-29",0,0
"2141","uk_G1_701422",0,"18-29",0,0
"2142","uk_G1_701446",0,"18-29",0,0
"2143","uk_G1_701451",0,"18-29",0,0
"2144","uk_G1_701452",0,"18-29",0,0
"2145","uk_G1_701454",0,"18-29",0,0
"2146","uk_G1_701464",0,"18-29",0,0
"2147","uk_G1_701467",0,"50-59",0,0
"2148","uk_G1_701470",0,"18-29",0,0
"2149","uk_G1_701474",0,"18-29",0,0
"2150","uk_G1_701478",0,"18-29",0,0
"2151","uk_G1_701482",0,"18-29",0,0
"2152","uk_G1_701486",0,"18-29",0,0
"2153","uk_G1_701495",0,"18-29",0,0
"2154","uk_G1_701499",0,"18-29",0,0
"2155","uk_G1_701500",0,"18-29",0,0
"2156","uk_G1_701508",0,"18-29",0,0
"2157","uk_G1_701523",0,"18-29",0,0
"2158","uk_G1_701536",0,"50-59",0,0
"2159","uk_G1_701538",0,"40-49",0,0
"2160","uk_G1_701545",0,"50-59",0,0
"2161","uk_G1_701561",0,"60-69",0,0
"2162","uk_G1_701567",0,"30-39",0,0
"2163","uk_G1_701570",0,"50-59",0,0
"2164","uk_G1_701577",0,"50-59",0,0
"2165","uk_G1_701581",0,"60-69",0,0
"2166","uk_G1_701588",0,"40-49",0,0
"2167","uk_G1_701594",0,"30-39",0,0
"2168","uk_G1_701598",0,"60-69",0,0
"2169","uk_G1_701607",0,"50-59",0,0
"2170","uk_G1_701610",0,"50-59",0,0
"2171","uk_G1_701627",0,"40-49",0,0
"2172","uk_G1_701630",0,"60-69",0,0
"2173","uk_G1_701634",0,"60-69",0,0
"2174","uk_G1_701640",0,"40-49",0,0
"2175","uk_G1_701649",0,"60-69",0,0
"2176","uk_G1_701654",0,"40-49",0,0
"2177","uk_G1_701662",0,"30-39",0,0
"2178","uk_G1_701665",0,"50-59",0,0
"2179","uk_G1_701676",0,"40-49",0,0
"2180","uk_G1_701678",0,"50-59",0,0
"2181","uk_G1_701685",0,"40-49",0,0
"2182","uk_G1_701690",0,"60-69",0,0
"2183","uk_G1_701691",0,"60-69",0,0
"2184","uk_G1_701698",0,"60-69",0,0
"2185","uk_G1_701699",0,"60-69",0,0
"2186","uk_G1_701730",0,"50-59",0,0
"2187","uk_G1_701752",0,"60-69",0,0
"2188","uk_G1_701754",0,"40-49",0,0
"2189","uk_G1_701757",0,"60-69",0,0
"2190","uk_G1_701778",0,"60-69",0,0
"2191","uk_G1_701780",0,"60-69",0,0
"2192","uk_G1_701785",0,"18-29",0,0
"2193","uk_G1_701792",0,"70-120",0,0
"2194","uk_G1_701798",0,"60-69",0,0
"2195","uk_G1_701801",0,"50-59",0,0
"2196","uk_G1_701807",0,"50-59",0,0
"2197","uk_G1_701808",0,"70-120",0,0
"2198","uk_G1_701826",0,"60-69",0,0
"2199","uk_G1_701831",0,"70-120",0,0
"2200","uk_G1_701840",0,"70-120",0,0
"2201","uk_G1_701844",0,"60-69",0,0
"2202","uk_G1_701856",0,"60-69",0,0
"2203","uk_G1_701868",0,"50-59",0,0
"2204","uk_G1_701891",0,"60-69",0,0
"2205","uk_G1_701894",0,"50-59",0,0
"2206","uk_G1_701901",0,"40-49",0,0
"2207","uk_G1_701904",0,"50-59",0,0
"2208","uk_G1_701905",0,"70-120",0,0
"2209","uk_G1_701908",0,"50-59",0,0
"2210","uk_G1_701920",0,"40-49",0,0
"2211","uk_G1_701935",0,"60-69",0,0
"2212","uk_G1_701947",0,"70-120",0,0
"2213","uk_G1_701951",0,"60-69",0,0
"2214","uk_G1_701952",0,"70-120",0,0
"2215","uk_G1_701958",0,"30-39",0,0
"2216","uk_G1_701968",0,"50-59",0,0
"2217","uk_G1_701970",0,"40-49",0,0
"2218","uk_G1_701975",0,"50-59",0,0
"2219","uk_G1_701977",0,"40-49",0,0
"2220","uk_G1_701993",0,"40-49",0,0
"2221","uk_G1_702008",0,"40-49",0,0
"2222","uk_G1_702016",0,"60-69",0,0
"2223","uk_G1_702019",0,"50-59",0,0
"2224","uk_G1_702023",0,"18-29",0,0
"2225","uk_G1_702024",0,"50-59",0,0
"2226","uk_G1_702031",0,"30-39",0,0
"2227","uk_G1_702035",0,"30-39",0,0
"2228","uk_G1_702036",0,"40-49",0,0
"2229","uk_G1_702042",0,"18-29",0,0
"2230","uk_G1_702047",0,"18-29",0,0
"2231","uk_G1_702048",0,"40-49",0,0
"2232","uk_G1_702064",0,"30-39",0,0
"2233","uk_G1_702067",0,"40-49",0,0
"2234","uk_G1_702070",0,"30-39",0,0
"2235","uk_G1_702083",0,"60-69",0,0
"2236","uk_G1_702090",0,"30-39",0,0
"2237","uk_G1_702097",0,"18-29",0,0
"2238","uk_G1_702098",0,"30-39",0,0
"2239","uk_G1_702101",0,"50-59",0,0
"2240","uk_G1_702106",0,"40-49",0,0
"2241","uk_G1_702108",0,"50-59",0,0
"2242","uk_G1_702109",0,"18-29",0,0
"2243","uk_G1_702114",0,"40-49",0,0
"2244","uk_G1_702129",0,"40-49",0,0
"2245","uk_G1_702133",0,"50-59",0,0
"2246","uk_G1_702136",0,"30-39",0,0
"2247","uk_G1_702140",0,"70-120",0,0
"2248","uk_G1_702142",0,"70-120",0,0
"2249","uk_G1_702149",0,"40-49",0,0
"2250","uk_G1_702152",0,"18-29",0,0
"2251","uk_G1_702153",0,"18-29",0,0
"2252","uk_G1_702170",0,"18-29",0,0
"2253","uk_G1_702177",0,"18-29",0,0
"2254","uk_G1_702180",0,"18-29",0,0
"2255","uk_G1_702192",0,"18-29",0,0
"2256","uk_G1_702204",0,"18-29",0,0
"2257","uk_G1_702211",0,"18-29",0,0
"2258","uk_G1_702213",0,"18-29",0,0
"2259","uk_G1_702216",0,"30-39",0,0
"2260","uk_G1_702226",0,"18-29",0,0
"2261","uk_G1_702234",0,"18-29",0,0
"2262","uk_G1_702243",0,"18-29",0,0
"2263","uk_G1_702267",0,"18-29",0,0
"2264","uk_G1_702268",0,"18-29",0,0
"2265","uk_G1_702274",0,"18-29",0,0
"2266","uk_G1_702275",0,"18-29",0,0
"2267","uk_G1_702276",0,"18-29",0,0
"2268","uk_G1_702286",0,"30-39",0,0
"2269","uk_G1_702332",0,"30-39",0,0
"2270","uk_G1_702419",0,"30-39",0,0
"2271","uk_G1_702420",0,"30-39",0,0
"2272","uk_G1_702423",0,"30-39",0,0
"2273","uk_G1_702433",0,"30-39",0,0
"2274","uk_G1_702440",0,"30-39",0,0
"2275","uk_G1_702446",0,"18-29",0,0
"2276","uk_G1_702456",0,"30-39",0,0
"2277","uk_G1_702478",0,"30-39",0,0
"2278","uk_G1_702482",0,"30-39",0,0
"2279","uk_G1_702483",0,"30-39",0,0
"2280","uk_G1_702487",0,"30-39",0,0
"2281","uk_G1_702493",0,"18-29",0,0
"2282","uk_G1_702498",0,"30-39",0,0
"2283","uk_G1_702500",0,"18-29",0,0
"2284","uk_G1_702504",0,"30-39",0,0
"2285","uk_G1_702524",0,"40-49",0,0
"2286","uk_G1_702536",0,"30-39",0,0
"2287","uk_G1_702538",0,"60-69",0,0
"2288","uk_G1_702541",0,"50-59",0,0
"2289","uk_G1_702543",0,"50-59",0,0
"2290","uk_G1_702559",0,"50-59",0,0
"2291","uk_G1_702560",0,"60-69",0,0
"2292","uk_G1_702564",0,"60-69",0,0
"2293","uk_G1_702576",0,"40-49",0,0
"2294","uk_G1_702595",0,"50-59",0,0
"2295","uk_G1_702597",0,"70-120",0,0
"2296","uk_G1_702601",0,"40-49",0,0
"2297","uk_G1_702604",0,"40-49",0,0
"2298","uk_G1_702608",0,"40-49",0,0
"2299","uk_G1_702614",0,"50-59",0,0
"2300","uk_G1_702619",0,"30-39",0,0
"2301","uk_G1_702620",0,"40-49",0,0
"2302","uk_G1_702623",0,"50-59",0,0
"2303","uk_G1_702624",0,"50-59",0,0
"2304","uk_G1_702629",0,"70-120",0,0
"2305","uk_G1_702630",0,"70-120",0,0
"2306","uk_G1_702642",0,"50-59",0,0
"2307","uk_G1_702644",0,"50-59",0,0
"2308","uk_G1_702648",0,"50-59",0,0
"2309","uk_G1_702652",0,"18-29",0,0
"2310","uk_G1_702653",0,"30-39",0,0
"2311","uk_G1_702654",0,"70-120",0,0
"2312","uk_G1_702655",0,"30-39",0,0
"2313","uk_G1_702668",0,"50-59",0,0
"2314","uk_G1_702672",0,"40-49",0,0
"2315","uk_G1_702673",0,"70-120",0,0
"2316","uk_G1_702674",0,"60-69",0,0
"2317","uk_G1_702687",0,"50-59",0,0
"2318","uk_G1_702693",0,"50-59",0,0
"2319","uk_G1_702698",0,"60-69",0,0
"2320","uk_G1_702699",0,"50-59",0,0
"2321","uk_G1_702715",0,"50-59",0,0
"2322","uk_G1_702721",0,"60-69",0,0
"2323","uk_G1_702732",0,"18-29",0,0
"2324","uk_G1_702738",0,"30-39",0,0
"2325","uk_G1_702742",0,"60-69",0,0
"2326","uk_G1_702750",0,"60-69",0,0
"2327","uk_G1_702756",0,"40-49",0,0
"2328","uk_G1_702760",0,"60-69",0,0
"2329","uk_G1_702765",0,"30-39",0,0
"2330","uk_G1_702774",0,"30-39",0,0
"2331","uk_G1_702782",0,"30-39",0,0
"2332","uk_G1_702788",0,"30-39",0,0
"2333","uk_G1_702793",0,"30-39",0,0
"2334","uk_G1_702796",0,"30-39",0,0
"2335","uk_G1_702798",0,"30-39",0,0
"2336","uk_G1_702801",0,"18-29",0,0
"2337","uk_G1_702809",0,"18-29",0,0
"2338","uk_G1_702813",0,"30-39",0,0
"2339","uk_G1_702829",0,"30-39",0,0
"2340","uk_G1_702836",0,"30-39",0,0
"2341","uk_G1_702837",0,"18-29",0,0
"2342","uk_G1_702838",0,"18-29",0,0
"2343","uk_G1_702840",0,"30-39",0,0
"2344","uk_G1_702844",0,"18-29",0,0
"2345","uk_G1_702850",0,"40-49",0,0
"2346","uk_G1_702852",0,"40-49",0,0
"2347","uk_G1_702853",0,"50-59",0,0
"2348","uk_G1_702854",0,"70-120",0,0
"2349","uk_G1_702868",0,"70-120",0,0
"2350","uk_G1_702869",0,"50-59",0,0
"2351","uk_G1_702872",0,"70-120",0,0
"2352","uk_G1_702873",0,"60-69",0,0
"2353","uk_G1_702875",0,"70-120",0,0
"2354","uk_G1_702877",0,"70-120",0,0
"2355","uk_G1_702880",0,"30-39",0,0
"2356","uk_G1_702884",0,"70-120",0,0
"2357","uk_G1_702897",0,"70-120",0,0
"2358","uk_G1_702899",0,"70-120",0,0
"2359","uk_G1_702910",0,"70-120",0,0
"2360","uk_G1_702912",0,"40-49",0,0
"2361","uk_G1_702913",0,"60-69",0,0
"2362","uk_G1_702920",0,"50-59",0,0
"2363","uk_G1_702924",0,"30-39",0,0
"2364","uk_G1_702927",0,"70-120",0,0
"2365","uk_G1_702928",0,"70-120",0,0
"2366","uk_G1_702929",0,"30-39",0,0
"2367","uk_G1_702931",0,"50-59",0,0
"2368","uk_G1_702937",0,"70-120",0,0
"2369","uk_G1_702942",0,"50-59",0,0
"2370","uk_G1_702946",0,"60-69",0,0
"2371","uk_G1_702947",0,"70-120",0,0
"2372","uk_G1_702952",0,"60-69",0,0
"2373","uk_G1_702959",0,"40-49",0,0
"2374","uk_G1_702961",0,"60-69",0,0
"2375","uk_G1_702962",0,"60-69",0,0
"2376","uk_G1_702963",0,"60-69",0,0
"2377","uk_G1_702966",0,"60-69",0,0
"2378","uk_G1_702972",0,"60-69",0,0
"2379","uk_G1_702974",0,"30-39",0,0
"2380","uk_G1_702975",0,"60-69",0,0
"2381","uk_G1_702976",0,"60-69",0,0
"2382","uk_G1_702987",0,"50-59",0,0
"2383","uk_G1_702989",0,"50-59",0,0
"2384","uk_G1_702990",0,"60-69",0,0
"2385","uk_G1_702995",0,"30-39",0,0
"2386","uk_G1_700201",0,"30-39",0,0
"2387","uk_G1_702037",0,"18-29",0,0
"2388","uk_G1_702237",0,"30-39",0,0
